"STATION","DATE","TAVG","TMIN","TMAX","PRCP","Tonnes","kgha"
"Colombia",1948-01-01,26.98,23.05,30.91,40.2,381425.612203245,536.695046968403
"Colombia",1948-02-01,27.3,23.13,31.46,126.3,381425.612203245,536.695046968403
"Colombia",1948-03-01,27.53,23.55,31.52,145.1,381425.612203245,536.695046968403
"Colombia",1948-04-01,27.19,22.93,31.45,213.8,381425.612203245,536.695046968403
"Colombia",1948-05-01,27.15,23.38,30.91,374.7,381425.612203245,536.695046968403
"Colombia",1948-06-01,25.96,22.82,29.1,437.2,381425.612203245,536.695046968403
"Colombia",1948-07-01,24.79,22.58,27,763.8,381425.612203245,536.695046968403
"Colombia",1948-08-01,24.48,22.54,26.42,641.7,381425.612203245,536.695046968403
"Colombia",1948-09-01,25.3,22.63,27.97,445.1,381425.612203245,536.695046968403
"Colombia",1948-10-01,25.78,22.16,29.39,454.4,381425.612203245,536.695046968403
"Colombia",1948-11-01,25.98,22.33,29.62,107.7,381425.612203245,536.695046968403
"Colombia",1948-12-01,27.03,23.2,30.87,20.5,381425.612203245,536.695046968403
"Colombia",1949-01-01,27.35,23.32,31.38,58.8,381425.612203245,536.695046968403
"Colombia",1949-02-01,27.21,23,31.43,66.6,381425.612203245,536.695046968403
"Colombia",1949-03-01,27.55,23.39,31.7,123.5,381425.612203245,536.695046968403
"Colombia",1949-04-01,27.07,22.87,31.26,348.9,381425.612203245,536.695046968403
"Colombia",1949-05-01,27.31,23.31,31.31,373.4,381425.612203245,536.695046968403
"Colombia",1949-06-01,26.16,22.76,29.56,366.9,381425.612203245,536.695046968403
"Colombia",1949-07-01,25.42,22.72,28.12,785.9,381425.612203245,536.695046968403
"Colombia",1949-08-01,25.06,22.4,27.71,587.4,381425.612203245,536.695046968403
"Colombia",1949-09-01,25.57,22.54,28.6,456.4,381425.612203245,536.695046968403
"Colombia",1949-10-01,26.09,22.33,29.85,355.2,381425.612203245,536.695046968403
"Colombia",1949-11-01,27.01,23.09,30.92,94.1,381425.612203245,536.695046968403
"Colombia",1949-12-01,27.42,23.28,31.56,9.1,381425.612203245,536.695046968403
"Colombia",1976-11-01,26.5404071246819,21.6797858099063,31.403045325779,179.4,29200,535.8
"Colombia",1977-08-01,26.5404071246819,22.88,31.403045325779,713.8,27000,469.6
"Colombia",1977-10-01,26.5404071246819,21.6797858099063,31.403045325779,159.5,27000,469.6
"Colombia",1977-06-01,26.5404071246819,21.6797858099063,31.403045325779,256.5,27000,469.6
"Colombia",1977-02-01,26.5404071246819,21.6797858099063,31.403045325779,10.1,27000,469.6
"Colombia",1977-11-01,26.5404071246819,21.6797858099063,31.403045325779,12.9,27000,469.6
"Colombia",1977-09-01,26.5404071246819,23.11,31.403045325779,445.1,27000,469.6
"Colombia",1977-05-01,26.5404071246819,21.6797858099063,31.403045325779,261.6,27000,469.6
"Colombia",1977-12-01,26.5404071246819,21.6797858099063,31.403045325779,15.2,27000,469.6
"Colombia",1977-04-01,26.5404071246819,21.6797858099063,31.403045325779,229.8,27000,469.6
"Colombia",1978-01-01,26.5404071246819,21.6797858099063,31.403045325779,0.5,31000,512.4
"Colombia",1978-11-01,26.5404071246819,21.6797858099063,31.403045325779,119.4,31000,512.4
"Colombia",1978-08-01,26.5404071246819,21.6797858099063,31.403045325779,422.4,31000,512.4
"Colombia",1978-03-01,26.5404071246819,21.6797858099063,31.403045325779,72.8,31000,512.4
"Colombia",1979-08-01,26.5404071246819,21.6797858099063,31.403045325779,510.1,32300,515.2
"Colombia",1979-04-01,26.5404071246819,21.6797858099063,31.403045325779,158.1,32300,515.2
"Colombia",1980-04-01,27.52,23.44,31.6,247.1,35700,554.3
"Colombia",1980-12-01,26.5404071246819,21.6797858099063,31.403045325779,23.1,35700,554.3
"Colombia",1980-09-01,25.86,23,28.72,825.7,35700,554.3
"Colombia",1980-08-01,26.5404071246819,22.96,31.403045325779,708.3,35700,554.3
"Colombia",1980-03-01,26.5404071246819,23.57,31.403045325779,198.3,35700,554.3
"Colombia",1980-05-01,26.5404071246819,21.6797858099063,31.403045325779,369.5,35700,554.3
"Colombia",1981-06-01,26.62,23.4,29.85,267.4,38300,563.2
"Colombia",1981-12-01,26.5404071246819,21.6797858099063,32.35,215.747344110854,38300,563.2
"Colombia",1981-11-01,26.5404071246819,21.6797858099063,31.403045325779,108,38300,563.2
"Colombia",1981-03-01,28.33,24,32.65,141.4,38300,563.2
"Colombia",1982-06-01,26.5404071246819,21.6797858099063,31.403045325779,276.7,39400,509.7
"Colombia",1982-09-01,26.5404071246819,21.6797858099063,31.403045325779,826.3,39400,509.7
"Colombia",1982-05-01,26.5404071246819,21.6797858099063,31.403045325779,363.8,39400,509.7
"Colombia",1982-07-01,26.5404071246819,21.6797858099063,31.403045325779,641,39400,509.7
"Colombia",1982-08-01,26.5404071246819,21.6797858099063,31.403045325779,764.9,39400,509.7
"Colombia",1983-08-01,26.5404071246819,21.6797858099063,26.91,418.6,37000,493.3
"Colombia",1983-07-01,26.5404071246819,21.6797858099063,31.403045325779,344.3,37000,493.3
"Colombia",1983-02-01,26.5404071246819,24.77,31.403045325779,215.747344110854,37000,493.3
"Colombia",1983-03-01,26.5404071246819,25.26,31.403045325779,215.747344110854,37000,493.3
"Colombia",1984-12-01,26.5404071246819,22.58,31.403045325779,215.747344110854,40700,476.9
"Colombia",1985-08-01,26.5404071246819,21.6797858099063,28.63,631.4,42500,464
"Colombia",1985-01-01,26.5404071246819,21.6797858099063,31.6,215.747344110854,42500,464
"Colombia",1988-10-01,26.5404071246819,21.6797858099063,30.42,480.2,54080,481.8
"Colombia",1989-03-01,26.5404071246819,21.6797858099063,33,215.747344110854,55430,469
"Colombia",1989-08-01,25.26,22.65,27.87,709.1,55430,469
"Colombia",1989-05-01,26.5404071246819,21.6797858099063,31.63,215.747344110854,55430,469
"Colombia",1992-08-01,26.5404071246819,21.6797858099063,31.403045325779,320.4,54857,458.3
"Colombia",1992-09-01,26.5404071246819,21.6797858099063,31.403045325779,468.2,54857,458.3
"Colombia",1992-12-01,26.5404071246819,23.65,31.403045325779,215.747344110854,54857,458.3
"Colombia",1993-02-01,26.5404071246819,24.36,31.403045325779,215.747344110854,57472,457.4
"Colombia",1993-05-01,26.5404071246819,21.6797858099063,31.403045325779,397.1,57472,457.4
"Colombia",1994-08-01,26.5404071246819,21.6797858099063,27.6,858.3,50624,466.4
"Colombia",1994-12-01,26.5404071246819,21.6797858099063,32.88,215.747344110854,50624,466.4
"Colombia",1994-05-01,26.5404071246819,21.6797858099063,31.77,215.747344110854,50624,466.4
"Colombia",1994-06-01,26.5404071246819,21.6797858099063,31.403045325779,272,50624,466.4
"Colombia",1994-07-01,26.5404071246819,21.6797858099063,27.86,470.4,50624,466.4
"Colombia",1994-02-01,26.5404071246819,21.6797858099063,32.39,215.747344110854,50624,466.4
"Colombia",1994-10-01,26.5404071246819,22.11,31.403045325779,236.2,50624,466.4
"Colombia",1995-09-01,26.5404071246819,21.6797858099063,29.5,537.4,56652,465.6
"Colombia",1995-07-01,25.46,22.6,28.33,552,56652,465.6
"Colombia",1995-02-01,28.5,23.74,33.26,215.747344110854,56652,465.6
"Colombia",1995-01-01,28.01,23.41,32.62,215.747344110854,56652,465.6
"Colombia",1995-05-01,26.5404071246819,21.6797858099063,32.2,296.7,56652,465.6
"Colombia",1995-04-01,28.14,23.53,32.74,215.747344110854,56652,465.6
"Colombia",1995-08-01,26.5404071246819,22.79,31.403045325779,788.1,56652,465.6
"Colombia",1995-06-01,26.48,22.79,30.17,374.6,56652,465.6
"Colombia",1996-09-01,26.5404071246819,21.6797858099063,31.403045325779,392.2,49635,438
"Colombia",1996-11-01,28.16,24.24,32.08,215.747344110854,49635,438
"Colombia",1996-07-01,26.5404071246819,21.6797858099063,28.65,321.5,49635,438
"Colombia",1996-08-01,26.5404071246819,21.6797858099063,27.78,533.7,49635,438
"Colombia",1997-03-01,26.5404071246819,21.6797858099063,33.14,215.747344110854,50317,459
"Colombia",1997-02-01,26.5404071246819,21.6797858099063,34.15,215.747344110854,50317,459
"Colombia",1998-07-01,26.5404071246819,21.6797858099063,30.19,449.3,50685,531.2
"Colombia",1998-10-01,26.5404071246819,21.6797858099063,31.39,259,50685,531.2
"Colombia",1998-09-01,26.5404071246819,21.6797858099063,29.77,685,50685,531.2
"Colombia",2000-09-01,26.5404071246819,21.6797858099063,31.403045325779,339.2,36731,441.8
"Colombia",2000-07-01,26.5404071246819,21.6797858099063,31.403045325779,702.6,36731,441.8
"Colombia",2001-12-01,26.5404071246819,21.6797858099063,31.98,215.747344110854,36070,449.9
"Colombia",2001-09-01,26.5404071246819,21.6797858099063,31.403045325779,335.5,36070,449.9
"Colombia",2001-06-01,26.5404071246819,21.6797858099063,31.403045325779,647.6,36070,449.9
"Colombia",2002-08-01,26.5404071246819,21.6797858099063,31.403045325779,774.7,34002,407.7
"Colombia",2002-03-01,26.5404071246819,21.6797858099063,32.5,215.747344110854,34002,407.7
"Colombia",2002-02-01,26.5404071246819,21.6797858099063,33.44,215.747344110854,34002,407.7
"Colombia",2003-06-01,26.5404071246819,21.6797858099063,31.403045325779,240.5,41704,480.5
"Colombia",2003-03-01,26.5404071246819,21.6797858099063,33.1,215.747344110854,41704,480.5
"Colombia",2003-09-01,26.5404071246819,21.6797858099063,31.403045325779,318.6,41704,480.5
"Colombia",2003-05-01,26.5404071246819,21.6797858099063,31.403045325779,291.3,41704,480.5
"Colombia",2004-07-01,26.5404071246819,21.6797858099063,31.403045325779,404.1,38753,526
"Colombia",2004-02-01,26.5404071246819,21.6797858099063,34.23,215.747344110854,38753,526
"Colombia",2004-09-01,26.5404071246819,21.6797858099063,31.403045325779,590.3,38753,526
"Colombia",2004-08-01,26.5404071246819,21.6797858099063,31.403045325779,782.8,38753,526
"Colombia",2004-04-01,26.5404071246819,21.6797858099063,32.34,244.3,38753,526
"Colombia",2004-06-01,26.5404071246819,21.6797858099063,30.15,346,38753,526
"Colombia",2005-09-01,26.5404071246819,21.6797858099063,31.403045325779,673.4,37099,460
"Colombia",2005-08-01,26.5404071246819,21.6797858099063,31.403045325779,465,37099,460
"Colombia",2005-04-01,26.5404071246819,21.6797858099063,33.54,178.3,37099,460
"Colombia",2005-02-01,26.5404071246819,21.6797858099063,33.96,215.747344110854,37099,460
"Colombia",2006-09-01,26.5404071246819,21.6797858099063,31.403045325779,682.9,35258,456
"Colombia",2006-12-01,26.5404071246819,24.08,31.403045325779,215.747344110854,35258,456
"Colombia",2006-08-01,26.5404071246819,21.6797858099063,31.403045325779,539.5,35258,456
"Colombia",2007-03-01,26.5404071246819,21.6797858099063,34.05,215.747344110854,39904,459
"Colombia",2007-01-01,26.5404071246819,23.62,31.403045325779,215.747344110854,39904,459
"Colombia",2007-10-01,26.5404071246819,21.6797858099063,30.37,215.747344110854,39904,459
"Colombia",2007-02-01,26.5404071246819,25.43,31.403045325779,215.747344110854,39904,459
"Colombia",2008-08-01,26.5404071246819,21.6797858099063,31.403045325779,432.1,44740,491.9
"Colombia",2008-11-01,26.5404071246819,24.34,31.403045325779,215.747344110854,44740,491.9
"Colombia",2008-09-01,26.5404071246819,21.6797858099063,29.79,215.747344110854,44740,491.9
"Colombia",2009-08-01,25.6,23.32,27.88,712.6,44740,470.1
"Colombia",2009-01-01,26.5404071246819,24.57,31.403045325779,215.747344110854,44740,470.1
"Colombia",2009-10-01,26.5404071246819,23.29,31.403045325779,215.747344110854,44740,470.1
"Colombia",2009-11-01,26.5404071246819,21.6797858099063,31.69,215.747344110854,44740,470.1
"Colombia",2010-08-01,26.5404071246819,21.6797858099063,31.403045325779,495.8,39534,413.4
"Colombia",2011-12-01,26.5404071246819,21.6797858099063,32.81,215.747344110854,37202,375
"Colombia",2011-10-01,26.5404071246819,21.6797858099063,30.81,402.7,37202,375
"Colombia",2011-05-01,26.5404071246819,21.6797858099063,31.403045325779,141.3,37202,375
"Colombia",2011-08-01,26.5404071246819,21.6797858099063,31.403045325779,901.8,37202,375
"Colombia",2011-09-01,26.5404071246819,21.6797858099063,29.78,711.3,37202,375
"Colombia",2012-05-01,26.5404071246819,21.6797858099063,32.38,215.747344110854,41670,275.7
"Colombia",2012-11-01,26.5404071246819,21.6797858099063,31.5,215.747344110854,41670,275.7
"Colombia",2012-07-01,26.5404071246819,21.6797858099063,28,482,41670,275.7
"Colombia",2012-03-01,26.5404071246819,21.6797858099063,33.39,215.747344110854,41670,275.7
"Colombia",2012-08-01,26.5404071246819,21.6797858099063,28.39,463.3,41670,275.7
"Colombia",2012-04-01,26.5404071246819,21.6797858099063,32.8,215.747344110854,41670,275.7
"Colombia",2012-09-01,26.5404071246819,21.6797858099063,29.26,622.3,41670,275.7
"Colombia",2013-08-01,26.5404071246819,21.6797858099063,31.403045325779,358.1,46739,301.2
"Colombia",2013-09-01,26.5404071246819,21.6797858099063,31.403045325779,659,46739,301.2
"Colombia",2013-07-01,26.5404071246819,21.6797858099063,31.403045325779,496,46739,301.2
"Colombia",2013-06-01,26.5404071246819,21.6797858099063,31.403045325779,309,46739,301.2
"Colombia",2014-10-01,26.5404071246819,21.6797858099063,31.403045325779,259.8,47732,358
"Colombia",2014-08-01,26.5404071246819,21.6797858099063,31.403045325779,505,47732,358
"Colombia",2015-11-01,26.5404071246819,23.57,31.403045325779,215.747344110854,54797.95,400.7
"Colombia",2015-09-01,26.5404071246819,23.12,31.403045325779,410.4,54797.95,400.7
"Colombia",2015-12-01,26.5404071246819,21.6797858099063,33.46,215.747344110854,54797.95,400.7
"Colombia",2015-06-01,26.5404071246819,21.6797858099063,31.403045325779,463.9,54797.95,400.7
"Colombia",2015-07-01,26.5404071246819,23.04,31.403045325779,215.747344110854,54797.95,400.7
"Colombia",2015-08-01,26.5404071246819,23.15,31.403045325779,466.9,54797.95,400.7
"Colombia",2015-04-01,26.5404071246819,21.6797858099063,31.403045325779,91.9,54797.95,400.7
"Colombia",2016-08-01,26.5404071246819,23.3,31.403045325779,902.3,56785,402.3
"Colombia",2016-12-01,26.5404071246819,24.22,31.403045325779,215.747344110854,56785,402.3
"Colombia",2016-02-01,26.5404071246819,25.46,31.403045325779,215.747344110854,56785,402.3
"Colombia",2016-06-01,27.17,23.46,30.89,215.747344110854,56785,402.3
"Colombia",2016-01-01,26.5404071246819,24.51,31.403045325779,215.747344110854,56785,402.3
"Colombia",2016-07-01,26.5404071246819,21.6797858099063,31.403045325779,367.8,56785,402.3
"Colombia",2016-09-01,26.5404071246819,23.53,31.403045325779,473.8,56785,402.3
"Colombia",2016-10-01,26.5404071246819,21.6797858099063,31.403045325779,333.8,56785,402.3
"Colombia",2017-04-01,26.5404071246819,21.6797858099063,31.403045325779,361.4,89282,857.3
"Colombia",2017-05-01,26.5404071246819,21.6797858099063,31.403045325779,174.6,89282,857.3
"Colombia",2017-08-01,26.5404071246819,21.6797858099063,31.403045325779,561.7,89282,857.3
"Colombia",2017-01-01,26.5404071246819,24.44,31.403045325779,215.747344110854,89282,857.3
"Colombia",2018-08-01,26.5404071246819,21.6797858099063,31.403045325779,505.7,97978,926.6
"Colombia",2018-09-01,26.5404071246819,21.6797858099063,31.403045325779,285.6,97978,926.6
"Colombia",2018-06-01,26.5404071246819,21.6797858099063,31.403045325779,446.9,97978,926.6
"Colombia",2019-10-01,26.5404071246819,23.04,31.403045325779,341.2,102154,867
"Colombia",2019-11-01,26.5404071246819,23.35,31.403045325779,215.747344110854,102154,867
"Colombia",2019-08-01,26.5404071246819,21.6797858099063,31.403045325779,605.7,102154,867
"Colombia",2019-12-01,26.5404071246819,24,31.403045325779,215.747344110854,102154,867
"Colombia",2020-06-01,26.5404071246819,21.6797858099063,31.403045325779,328.8,63416,336.7
"Colombia",2020-07-01,26.5404071246819,22.87,31.403045325779,560.2,63416,336.7
"Colombia",2020-09-01,26.5404071246819,22.89,31.403045325779,532.8,63416,336.7
"Colombia",2021-09-01,26.5404071246819,21.6797858099063,31.403045325779,484.5,69040,355.1
"Colombia",2021-07-01,26.5404071246819,21.6797858099063,31.403045325779,467.7,69040,355.1
"Colombia",2021-05-01,26.5404071246819,21.6797858099063,31.403045325779,246.6,69040,355.1
"Colombia",2021-08-01,26.5404071246819,21.6797858099063,31.403045325779,623.9,69040,355.1
"Colombia",2022-08-01,26.5404071246819,21.6797858099063,31.403045325779,734.9,62158,327.1
"Colombia",2022-07-01,26.5404071246819,21.6797858099063,31.403045325779,733,62158,327.1
"Colombia",2022-09-01,26.5404071246819,21.6797858099063,31.403045325779,659.4,62158,327.1
"Colombia",2023-05-01,26.5404071246819,21.6797858099063,31.403045325779,135.8,59831,313.6
"Colombia",2023-10-01,26.5404071246819,21.6797858099063,31.403045325779,459.6,59831,313.6
"Colombia",2023-08-01,26.5404071246819,21.6797858099063,31.403045325779,377.4,59831,313.6
"Colombia",2023-06-01,26.5404071246819,21.6797858099063,31.403045325779,621,59831,313.6
"Colombia",2023-09-01,26.5404071246819,21.6797858099063,31.403045325779,780.7,59831,313.6
"Colombia",2023-07-01,26.5404071246819,21.6797858099063,31.403045325779,453.4,59831,313.6
"Colombia",2024-07-01,26.5404071246819,21.6797858099063,31.403045325779,717,381425.612203245,536.695046968403
"Colombia",2024-08-01,26.5404071246819,21.6797858099063,31.403045325779,625.2,381425.612203245,536.695046968403
"Colombia",2024-09-01,26.5404071246819,21.6797858099063,31.403045325779,331.7,381425.612203245,536.695046968403
"Colombia",2024-10-01,26.5404071246819,21.6797858099063,31.403045325779,395.6,381425.612203245,536.695046968403
"Colombia",2024-11-01,26.5404071246819,21.6797858099063,31.403045325779,258.1,381425.612203245,536.695046968403
"Colombia",2024-12-01,26.5404071246819,21.6797858099063,34.91,32.2,381425.612203245,536.695046968403
"Dom_Rep",1996-06-01,28.16,23.13,33.2,215.747344110854,62937.81,459.7
"Dom_Rep",1996-09-01,27.85,22.25,33.45,215.747344110854,62937.81,459.7
"Dom_Rep",1996-08-01,28.39,23.02,33.76,215.747344110854,62937.81,459.7
"Dom_Rep",1996-10-01,27.65,22.08,33.23,215.747344110854,62937.81,459.7
"Dom_Rep",1996-07-01,28.01,22.7,33.31,215.747344110854,62937.81,459.7
"Dom_Rep",1997-04-01,25.59,20.73,30.45,215.747344110854,52455.59,370.3
"Dom_Rep",1997-08-01,29.24,23.36,35.12,215.747344110854,52455.59,370.3
"Dom_Rep",1997-09-01,29.39,23.83,34.96,215.747344110854,52455.59,370.3
"Dom_Rep",1997-06-01,28.58,22.88,34.27,215.747344110854,52455.59,370.3
"Dom_Rep",1997-01-01,23.5,18.63,28.37,215.747344110854,52455.59,370.3
"Dom_Rep",1997-12-01,26.58,20.74,32.41,215.747344110854,52455.59,370.3
"Dom_Rep",1997-03-01,24.66,19.56,29.75,215.747344110854,52455.59,370.3
"Dom_Rep",1997-11-01,27.03,21.95,32.11,215.747344110854,52455.59,370.3
"Dom_Rep",1997-02-01,23.92,19.28,28.56,215.747344110854,52455.59,370.3
"Dom_Rep",1997-05-01,27.57,22.11,33.04,215.747344110854,52455.59,370.3
"Dom_Rep",1998-05-01,26.43,21.75,31.12,215.747344110854,59291.48,387
"Dom_Rep",1998-02-01,25.03,19.62,30.44,215.747344110854,59291.48,387
"Dom_Rep",1998-06-01,28.21,23.12,33.29,215.747344110854,59291.48,387
"Dom_Rep",1998-03-01,25.54,20.26,30.83,215.747344110854,59291.48,387
"Dom_Rep",1998-07-01,28.53,23.14,33.91,215.747344110854,59291.48,387
"Dom_Rep",1998-04-01,25.62,21.02,30.22,215.747344110854,59291.48,387
"Dom_Rep",1998-10-01,27.55,22.3,32.79,215.747344110854,59291.48,387
"Dom_Rep",1999-10-01,27.52,21.85,33.19,215.747344110854,25861.38,236.7
"Dom_Rep",1999-07-01,27.25,22.5,32,215.747344110854,25861.38,236.7
"Dom_Rep",1999-01-01,24.57,19.39,29.75,215.747344110854,25861.38,236.7
"Dom_Rep",1999-09-01,28.35,22.73,33.98,215.747344110854,25861.38,236.7
"Dom_Rep",2000-05-01,25.64,20.11,31.18,215.747344110854,37107.09,242.2
"Dom_Rep",2000-06-01,26.49,21.03,31.96,215.747344110854,37107.09,242.2
"Dom_Rep",2000-10-01,26.89,21.61,32.17,215.747344110854,37107.09,242.2
"Dom_Rep",2000-04-01,24.99,19.32,30.67,215.747344110854,37107.09,242.2
"Dom_Rep",2000-12-01,25.36,20.04,30.69,215.747344110854,37107.09,242.2
"Dom_Rep",2000-08-01,27.6,21.75,33.45,215.747344110854,37107.09,242.2
"Dom_Rep",2000-11-01,25.66,20.43,30.89,215.747344110854,37107.09,242.2
"Dom_Rep",2000-07-01,27.78,21.73,33.82,215.747344110854,37107.09,242.2
"Dom_Rep",2000-09-01,27.82,22.32,33.31,215.747344110854,37107.09,242.2
"Dom_Rep",2001-09-01,27.89,21.8,33.99,215.747344110854,44908.01,357
"Dom_Rep",2001-12-01,24.47,19.23,29.71,215.747344110854,44908.01,357
"Dom_Rep",2001-04-01,25.19,19.91,30.47,215.747344110854,44908.01,357
"Dom_Rep",2001-11-01,25.2,20.35,30.05,215.747344110854,44908.01,357
"Dom_Rep",2001-10-01,27.39,21.61,33.18,215.747344110854,44908.01,357
"Dom_Rep",2001-08-01,27.99,22.11,33.86,215.747344110854,44908.01,357
"Dom_Rep",2001-03-01,24.72,18.96,30.47,215.747344110854,44908.01,357
"Dom_Rep",2001-06-01,27.45,21.87,33.03,215.747344110854,44908.01,357
"Dom_Rep",2001-07-01,27.87,22.08,33.65,215.747344110854,44908.01,357
"Dom_Rep",2001-01-01,23.76,18.73,28.79,215.747344110854,44908.01,357
"Dom_Rep",2001-02-01,24.01,18.8,29.22,215.747344110854,44908.01,357
"Dom_Rep",2002-02-01,23.45,17.62,29.28,215.747344110854,45468,361.5
"Dom_Rep",2002-05-01,26.28,20.68,31.89,215.747344110854,45468,361.5
"Dom_Rep",2002-06-01,27.06,21.54,32.57,215.747344110854,45468,361.5
"Dom_Rep",2002-11-01,27.28,20.96,33.6,215.747344110854,45468,361.5
"Dom_Rep",2002-07-01,27.55,21.52,33.57,215.747344110854,45468,361.5
"Dom_Rep",2002-03-01,23.82,17.33,30.3,215.747344110854,45468,361.5
"Dom_Rep",2002-04-01,24.2,18.55,29.86,215.747344110854,45468,361.5
"Dom_Rep",2002-08-01,27.49,21.17,33.81,215.747344110854,45468,361.5
"Dom_Rep",2002-12-01,25.52,19.26,31.77,142.5,45468,361.5
"Dom_Rep",2002-09-01,27.09,21.12,33.06,201.1,45468,361.5
"Dom_Rep",2002-01-01,23.97,18.21,29.74,215.747344110854,45468,361.5
"Dom_Rep",2002-10-01,27.27,21.09,33.45,215.747344110854,45468,361.5
"Dom_Rep",2003-11-01,26.37,21.65,31.09,311.9,46697.72,371.2
"Dom_Rep",2003-08-01,28.28,22.85,33.72,215.747344110854,46697.72,371.2
"Dom_Rep",2003-03-01,25.37,18.17,32.57,33.2,46697.72,371.2
"Dom_Rep",2003-04-01,24.83,18.41,31.24,54.4,46697.72,371.2
"Dom_Rep",2003-07-01,27.83,22.51,33.16,215.747344110854,46697.72,371.2
"Dom_Rep",2003-09-01,27.76,22.36,33.17,48.5,46697.72,371.2
"Dom_Rep",2003-06-01,28.44,22.71,34.17,215.747344110854,46697.72,371.2
"Dom_Rep",2003-05-01,26.88,20.58,33.18,215.747344110854,46697.72,371.2
"Dom_Rep",2003-10-01,27.66,22.28,33.03,215.747344110854,46697.72,371.2
"Dom_Rep",2003-02-01,23.93,17.27,30.6,215.747344110854,46697.72,371.2
"Dom_Rep",2003-01-01,23.79,17.1,30.48,215.747344110854,46697.72,371.2
"Dom_Rep",2004-08-01,28.19,22.53,33.86,215.747344110854,47317.56,376.2
"Dom_Rep",2004-05-01,25.38,21.08,29.68,255.6,47317.56,376.2
"Dom_Rep",2004-03-01,26.5404071246819,21.6797858099063,31.403045325779,303.6,47317.56,376.2
"Dom_Rep",2004-04-01,24.08,18.94,29.21,215.747344110854,47317.56,376.2
"Dom_Rep",2004-06-01,27.46,22.54,32.38,215.747344110854,47317.56,376.2
"Dom_Rep",2004-10-01,26.44,21.44,31.44,215.747344110854,47317.56,376.2
"Dom_Rep",2004-07-01,27.53,22.11,32.96,215.747344110854,47317.56,376.2
"Dom_Rep",2005-05-01,26.21,21.87,30.55,215.747344110854,31361,204.7
"Dom_Rep",2005-08-01,27.71,22.5,32.92,215.747344110854,31361,204.7
"Dom_Rep",2005-03-01,24.43,18.49,30.37,215.747344110854,31361,204.7
"Dom_Rep",2005-09-01,27.71,22.75,32.67,215.747344110854,31361,204.7
"Dom_Rep",2005-10-01,27.13,22.34,31.92,215.747344110854,31361,204.7
"Dom_Rep",2005-01-01,23.16,18.81,27.51,371.7,31361,204.7
"Dom_Rep",2005-11-01,25.72,20.91,30.53,215.747344110854,31361,204.7
"Dom_Rep",2005-02-01,22.42,17.24,27.59,215.747344110854,31361,204.7
"Dom_Rep",2005-06-01,27.31,22.54,32.09,215.747344110854,31361,204.7
"Dom_Rep",2006-08-01,27.01,21.4,32.61,215.747344110854,45912.23,299.7
"Dom_Rep",2006-09-01,27.26,20.97,33.56,215.747344110854,45912.23,299.7
"Dom_Rep",2006-12-01,25.67,20.39,30.95,215.747344110854,45912.23,299.7
"Dom_Rep",2006-04-01,24.69,19.05,30.32,215.747344110854,45912.23,299.7
"Dom_Rep",2006-02-01,23.9,18.21,29.6,215.747344110854,45912.23,299.7
"Dom_Rep",2006-06-01,27.61,21.5,33.71,215.747344110854,45912.23,299.7
"Dom_Rep",2006-07-01,27.39,21.73,33.04,215.747344110854,45912.23,299.7
"Dom_Rep",2007-06-01,27.51,22.1,32.93,215.747344110854,42154.31,275.1
"Dom_Rep",2007-09-01,28.1,22.49,33.7,215.747344110854,42154.31,275.1
"Dom_Rep",2007-04-01,25.17,20.44,29.9,215.747344110854,42154.31,275.1
"Dom_Rep",2007-01-01,24.71,19.59,29.82,215.747344110854,42154.31,275.1
"Dom_Rep",2007-11-01,26.06,21.46,30.66,215.747344110854,42154.31,275.1
"Dom_Rep",2007-10-01,27.56,22.46,32.66,215.747344110854,42154.31,275.1
"Dom_Rep",2007-12-01,24.95,20.23,29.67,215.747344110854,42154.31,275.1
"Dom_Rep",2007-05-01,26.74,21.58,31.91,215.747344110854,42154.31,275.1
"Dom_Rep",2007-07-01,27.86,22.87,32.86,215.747344110854,42154.31,275.1
"Dom_Rep",2008-12-01,24.57,19.84,29.31,63.2,45291,295.6
"Dom_Rep",2008-07-01,27.39,22.46,32.31,215.747344110854,45291,295.6
"Dom_Rep",2008-06-01,26.79,21.78,31.81,215.747344110854,45291,295.6
"Dom_Rep",2008-02-01,24.48,19.47,29.49,215.747344110854,45291,295.6
"Dom_Rep",2008-05-01,26.21,20.95,31.46,215.747344110854,45291,295.6
"Dom_Rep",2008-04-01,25.37,20.26,30.47,215.747344110854,45291,295.6
"Dom_Rep",2008-08-01,28.2,23.25,33.14,215.747344110854,45291,295.6
"Dom_Rep",2008-09-01,27.4,22.8,32,215.747344110854,45291,295.6
"Dom_Rep",2008-01-01,23.75,18.75,28.75,215.747344110854,45291,295.6
"Dom_Rep",2008-10-01,26.69,21.8,31.59,215.747344110854,45291,295.6
"Dom_Rep",2009-12-01,25.76,21.07,30.45,215.747344110854,54994,358.9
"Dom_Rep",2009-06-01,27.08,22.2,31.97,215.747344110854,54994,358.9
"Dom_Rep",2009-05-01,25.83,21.01,30.66,215.747344110854,54994,358.9
"Dom_Rep",2009-10-01,27.81,22.73,32.9,215.747344110854,54994,358.9
"Dom_Rep",2009-11-01,26.26,21.66,30.86,215.747344110854,54994,358.9
"Dom_Rep",2009-09-01,28.07,22.75,33.39,215.747344110854,54994,358.9
"Dom_Rep",2009-01-01,24.08,19.08,29.08,215.747344110854,54994,358.9
"Dom_Rep",2009-04-01,25.1,20.29,29.91,215.747344110854,54994,358.9
"Dom_Rep",2009-08-01,27.86,22.95,32.76,215.747344110854,54994,358.9
"Dom_Rep",2009-03-01,23.29,18.81,27.78,215.747344110854,54994,358.9
"Dom_Rep",2009-07-01,28.41,23.4,33.43,215.747344110854,54994,358.9
"Dom_Rep",2010-08-01,28.25,23.39,33.12,215.747344110854,58334,380.7
"Dom_Rep",2010-07-01,28.06,23.06,33.07,215.747344110854,58334,380.7
"Dom_Rep",2010-05-01,26.95,22.48,31.41,215.747344110854,58334,380.7
"Dom_Rep",2010-02-01,24.59,19.96,29.22,215.747344110854,58334,380.7
"Dom_Rep",2010-12-01,23.43,18.95,27.92,129.4,58334,380.7
"Dom_Rep",2010-09-01,27.57,22.37,32.78,215.747344110854,58334,380.7
"Dom_Rep",2010-04-01,25.85,21.54,30.15,215.747344110854,58334,380.7
"Dom_Rep",2010-11-01,25.33,20.71,29.95,240.5,58334,380.7
"Dom_Rep",2010-10-01,27.34,22.45,32.23,215.747344110854,58334,380.7
"Dom_Rep",2010-06-01,27.83,22.91,32.75,188.3,58334,380.7
"Dom_Rep",2010-01-01,24.33,19.75,28.91,215.747344110854,58334,380.7
"Dom_Rep",2011-04-01,25.16,19.82,30.5,215.747344110854,54279,354.3
"Dom_Rep",2011-03-01,23.81,18.52,29.11,215.747344110854,54279,354.3
"Dom_Rep",2011-10-01,27.38,21.9,32.85,215.747344110854,54279,354.3
"Dom_Rep",2011-09-01,27.48,22.47,32.49,215.747344110854,54279,354.3
"Dom_Rep",2011-01-01,24.02,18.47,29.57,215.747344110854,54279,354.3
"Dom_Rep",2011-11-01,25.98,21.36,30.6,418,54279,354.3
"Dom_Rep",2011-07-01,27.58,22.69,32.47,215.747344110854,54279,354.3
"Dom_Rep",2011-06-01,27.54,22.73,32.35,215.747344110854,54279,354.3
"Dom_Rep",2011-05-01,25.43,20.4,30.46,215.747344110854,54279,354.3
"Dom_Rep",2011-12-01,26.5404071246819,21.6797858099063,31.403045325779,195.9,54279,354.3
"Dom_Rep",2011-08-01,28.12,23.02,33.22,215.747344110854,54279,354.3
"Dom_Rep",2011-02-01,24.41,19.22,29.61,215.747344110854,54279,354.3
"Dom_Rep",2012-10-01,27.32,22.01,32.62,215.747344110854,72225,478.5
"Dom_Rep",2012-03-01,23.91,18.97,28.86,215.747344110854,72225,478.5
"Dom_Rep",2012-01-01,23.51,18.84,28.19,215.747344110854,72225,478.5
"Dom_Rep",2012-04-01,24.97,20.19,29.74,215.747344110854,72225,478.5
"Dom_Rep",2012-11-01,25.99,21.61,30.38,439.4,72225,478.5
"Dom_Rep",2012-08-01,27.79,22.49,33.09,215.747344110854,72225,478.5
"Dom_Rep",2012-07-01,28.17,22.77,33.57,215.747344110854,72225,478.5
"Dom_Rep",2012-06-01,28.48,22.12,34.85,215.747344110854,72225,478.5
"Dom_Rep",2012-05-01,26.47,21.44,31.49,215.747344110854,72225,478.5
"Dom_Rep",2012-02-01,23.87,18.75,28.98,215.747344110854,72225,478.5
"Dom_Rep",2012-09-01,27.98,22.27,33.68,215.747344110854,72225,478.5
"Dom_Rep",2013-01-01,24.14,19.26,29.01,215.747344110854,68020.57,450.6
"Dom_Rep",2015-02-01,24.73,19.38,30.08,215.747344110854,75499.98,500.2
"Dom_Rep",2015-09-01,28.97,23.57,34.37,215.747344110854,75499.98,500.2
"Dom_Rep",2015-03-01,25.09,20.02,30.16,215.747344110854,75499.98,500.2
"Dom_Rep",2015-11-01,26.38,21.54,31.21,215.747344110854,75499.98,500.2
"Dom_Rep",2015-05-01,27.55,22.19,32.92,215.747344110854,75499.98,500.2
"Dom_Rep",2015-07-01,28.92,23.28,34.55,215.747344110854,75499.98,500.2
"Dom_Rep",2015-01-01,24.3,19.32,29.28,215.747344110854,75499.98,500.2
"Dom_Rep",2015-12-01,26.1,21.14,31.06,215.747344110854,75499.98,500.2
"Dom_Rep",2015-08-01,29.07,23.49,34.65,215.747344110854,75499.98,500.2
"Dom_Rep",2015-04-01,25.87,20.38,31.37,215.747344110854,75499.98,500.2
"Dom_Rep",2015-10-01,28.7,23.27,34.14,215.747344110854,75499.98,500.2
"Dom_Rep",2015-06-01,28.57,23.06,34.08,215.747344110854,75499.98,500.2
"Dom_Rep",2016-07-01,28.31,22.85,33.77,215.747344110854,81245.84,538.3
"Dom_Rep",2016-09-01,28.01,22.34,33.68,215.747344110854,81245.84,538.3
"Dom_Rep",2016-05-01,26.94,21.72,32.16,215.747344110854,81245.84,538.3
"Dom_Rep",2016-12-01,25.23,20.41,30.05,273.1,81245.84,538.3
"Dom_Rep",2016-06-01,28.18,22.61,33.75,215.747344110854,81245.84,538.3
"Dom_Rep",2016-03-01,24.14,17.44,30.84,215.747344110854,81245.84,538.3
"Dom_Rep",2016-10-01,27.32,22.3,32.34,215.747344110854,81245.84,538.3
"Dom_Rep",2016-08-01,27.77,22.39,33.16,215.747344110854,81245.84,538.3
"Dom_Rep",2016-02-01,22.88,15.58,30.18,215.747344110854,81245.84,538.3
"Dom_Rep",2016-11-01,25.57,21.52,29.62,851.8,81245.84,538.3
"Dom_Rep",2017-07-01,28.32,23.11,33.53,215.747344110854,86599,573.7
"Dom_Rep",2017-12-01,25.23,20.3,30.16,215.747344110854,86599,573.7
"Dom_Rep",2017-05-01,26.83,21.58,32.07,215.747344110854,86599,573.7
"Dom_Rep",2017-01-01,24.02,18.67,29.37,215.747344110854,86599,573.7
"Dom_Rep",2017-02-01,24.95,19.29,30.6,215.747344110854,86599,573.7
"Dom_Rep",2017-11-01,26.83,21.88,31.79,215.747344110854,86599,573.7
"Dom_Rep",2017-08-01,28.88,23.54,34.21,215.747344110854,86599,573.7
"Dom_Rep",2017-10-01,27.75,22.58,32.93,215.747344110854,86599,573.7
"Dom_Rep",2017-06-01,27.78,22.63,32.94,215.747344110854,86599,573.7
"Dom_Rep",2017-09-01,28.68,23.45,33.92,215.747344110854,86599,573.7
"Dom_Rep",2017-03-01,24.7,19.55,29.85,215.747344110854,86599,573.7
"Dom_Rep",2018-09-01,28.64,22.8,34.47,215.747344110854,85991.33,561.2
"Dom_Rep",2018-02-01,23.85,19,28.7,167.5,85991.33,561.2
"Dom_Rep",2018-12-01,26.05,20.46,31.64,215.747344110854,85991.33,561.2
"Dom_Rep",2018-03-01,24.51,18.66,30.37,215.747344110854,85991.33,561.2
"Dom_Rep",2018-01-01,24.78,20.08,29.47,215.747344110854,85991.33,561.2
"Dom_Rep",2018-04-01,26.18,21.07,31.29,215.747344110854,85991.33,561.2
"Dom_Rep",2018-06-01,28.6,22.56,34.64,215.747344110854,85991.33,561.2
"Dom_Rep",2018-05-01,27.23,22.04,32.42,215.747344110854,85991.33,561.2
"Dom_Rep",2018-08-01,28.59,23.16,34.02,215.747344110854,85991.33,561.2
"Dom_Rep",2018-11-01,26.8,21.5,32.1,215.747344110854,85991.33,561.2
"Dom_Rep",2018-10-01,27.41,22.26,32.57,215.747344110854,85991.33,561.2
"Dom_Rep",2018-07-01,29.13,23.6,34.66,215.747344110854,85991.33,561.2
"Dom_Rep",2019-09-01,29.29,23.62,34.96,215.747344110854,76112.56,504.2
"Dom_Rep",2019-11-01,26.97,21.05,32.89,215.747344110854,76112.56,504.2
"Dom_Rep",2019-01-01,24.67,19.02,30.32,215.747344110854,76112.56,504.2
"Dom_Rep",2019-02-01,25,19.92,30.09,215.747344110854,76112.56,504.2
"Dom_Rep",2019-06-01,28.56,23.01,34.1,215.747344110854,76112.56,504.2
"Dom_Rep",2019-07-01,29.06,23.39,34.72,215.747344110854,76112.56,504.2
"Dom_Rep",2019-04-01,26.56,20.78,32.33,215.747344110854,76112.56,504.2
"Dom_Rep",2019-05-01,27.75,22.23,33.27,215.747344110854,76112.56,504.2
"Dom_Rep",2019-08-01,29.5,23.78,35.21,215.747344110854,76112.56,504.2
"Dom_Rep",2019-12-01,25.75,20.68,30.81,215.747344110854,76112.56,504.2
"Dom_Rep",2019-10-01,28.18,22.6,33.77,215.747344110854,76112.56,504.2
"Dom_Rep",2019-03-01,25.34,19.89,30.79,215.747344110854,76112.56,504.2
"Dom_Rep",2020-02-01,25.2,19.89,30.51,215.747344110854,77681.23,449.1
"Dom_Rep",2020-01-01,24.68,19.67,29.68,215.747344110854,77681.23,449.1
"Dom_Rep",2020-08-01,28.68,23.36,34,215.747344110854,77681.23,449.1
"Dom_Rep",2020-05-01,28.9,22.88,34.92,215.747344110854,77681.23,449.1
"Dom_Rep",2020-09-01,28.25,22.84,33.66,215.747344110854,77681.23,449.1
"Dom_Rep",2020-12-01,24.74,19.56,29.93,215.747344110854,77681.23,449.1
"Dom_Rep",2020-07-01,29.27,23.71,34.83,215.747344110854,77681.23,449.1
"Dom_Rep",2020-06-01,29.37,23.64,35.09,215.747344110854,77681.23,449.1
"Dom_Rep",2020-10-01,28.44,22.61,34.27,215.747344110854,77681.23,449.1
"Dom_Rep",2020-03-01,24.19,18.87,29.52,215.747344110854,77681.23,449.1
"Dom_Rep",2020-11-01,26.76,21.8,31.71,215.747344110854,77681.23,449.1
"Dom_Rep",2020-04-01,26.94,21.26,32.63,215.747344110854,77681.23,449.1
"Dom_Rep",2021-03-01,24.79,19.37,30.21,215.747344110854,70630.86,454.4
"Dom_Rep",2021-02-01,25.03,19.63,30.43,215.747344110854,70630.86,454.4
"Dom_Rep",2021-01-01,24.23,18.62,29.85,215.747344110854,70630.86,454.4
"Dom_Rep",2021-05-01,26.46,20.84,32.07,215.747344110854,70630.86,454.4
"Dom_Rep",2021-07-01,27.51,22.13,32.89,215.747344110854,70630.86,454.4
"Dom_Rep",2022-08-01,27.9,22.66,33.14,215.747344110854,88655.67,454.4
"Dom_Rep",2022-01-01,24.63,18.83,30.44,215.747344110854,88655.67,454.4
"Dom_Rep",2022-03-01,24.96,19.53,30.4,215.747344110854,88655.67,454.4
"Dom_Rep",2022-06-01,28.08,22.18,33.97,215.747344110854,88655.67,454.4
"Dom_Rep",2022-05-01,26.89,21.02,32.77,215.747344110854,88655.67,454.4
"Dom_Rep",2022-04-01,25.36,19.53,31.19,215.747344110854,88655.67,454.4
"Dom_Rep",2022-12-01,24.43,18.41,30.45,215.747344110854,88655.67,454.4
"Dom_Rep",2022-02-01,24.14,18.79,29.49,215.747344110854,88655.67,454.4
"Dom_Rep",2023-02-01,23.99,18.6,29.39,215.747344110854,65930.13,453.9
"Dom_Rep",2023-10-01,28.52,23.63,33.4,215.747344110854,65930.13,453.9
"Dom_Rep",2023-12-01,25.12,20.64,29.59,215.747344110854,65930.13,453.9
"Dom_Rep",2023-09-01,29.32,24.36,34.29,215.747344110854,65930.13,453.9
"Dom_Rep",2023-11-01,27.14,22.43,31.85,215.747344110854,65930.13,453.9
"Dom_Rep",2023-01-01,24.03,18.27,29.79,215.747344110854,65930.13,453.9
"Dom_Rep",2024-02-01,24.09,19.01,29.17,215.747344110854,381425.612203245,536.695046968403
"Dom_Rep",2024-05-01,27.27,22.7,31.83,215.747344110854,381425.612203245,536.695046968403
"Dom_Rep",2024-07-01,28.37,23.79,32.95,215.747344110854,381425.612203245,536.695046968403
"Dom_Rep",2024-08-01,28.6,23.93,33.27,215.747344110854,381425.612203245,536.695046968403
"Dom_Rep",2024-01-01,25.38,20.63,30.13,215.747344110854,381425.612203245,536.695046968403
"Dom_Rep",2024-09-01,29.21,24.13,34.29,215.747344110854,381425.612203245,536.695046968403
"Dom_Rep",2024-10-01,28.57,23.78,33.37,215.747344110854,381425.612203245,536.695046968403
"Dom_Rep",2024-12-01,25.49,20.84,30.13,215.747344110854,381425.612203245,536.695046968403
"Indonesia",1958-04-01,27.4,22.64,32.17,215.747344110854,381425.612203245,536.695046968403
"Indonesia",1974-05-01,26.5404071246819,21.6797858099063,31.403045325779,4.1,3191,369
"Indonesia",1974-11-01,26.5404071246819,21.6797858099063,31.403045325779,13,3191,369
"Indonesia",1976-11-01,26.5404071246819,21.6797858099063,31.403045325779,0,3909,444.2
"Indonesia",1976-10-01,26.5404071246819,21.6797858099063,31.403045325779,0,3909,444.2
"Indonesia",1977-05-01,26.5404071246819,21.6797858099063,31.403045325779,0,4816,429.7
"Indonesia",1977-07-01,26.5404071246819,21.6797858099063,31.403045325779,0,4816,429.7
"Indonesia",1977-12-01,26.5404071246819,21.6797858099063,31.403045325779,15,4816,429.7
"Indonesia",1977-08-01,26.5404071246819,21.6797858099063,31.403045325779,4.1,4816,429.7
"Indonesia",1978-03-01,26.5404071246819,21.6797858099063,31.403045325779,19.8,5496,437.8
"Indonesia",1978-09-01,26.5404071246819,21.6797858099063,31.403045325779,0,5496,437.8
"Indonesia",1978-08-01,26.5404071246819,21.6797858099063,31.403045325779,0,5496,437.8
"Indonesia",1978-11-01,26.5404071246819,21.6797858099063,31.403045325779,6.1,5496,437.8
"Indonesia",1978-07-01,26.5404071246819,21.6797858099063,31.403045325779,10.9,5496,437.8
"Indonesia",1978-06-01,26.5404071246819,21.6797858099063,31.403045325779,7.1,5496,437.8
"Indonesia",1978-05-01,26.5404071246819,21.6797858099063,31.403045325779,10.9,5496,437.8
"Indonesia",1978-10-01,26.5404071246819,21.6797858099063,31.403045325779,0,5496,437.8
"Indonesia",1979-10-01,26.5404071246819,21.6797858099063,31.403045325779,38.1,8632,539.5
"Indonesia",1979-09-01,26.5404071246819,21.6797858099063,31.403045325779,26.2,8632,539.5
"Indonesia",1979-03-01,26.5404071246819,21.6797858099063,30.23,577.5,8632,539.5
"Indonesia",1979-11-01,26.5404071246819,21.6797858099063,31.403045325779,91,8632,539.5
"Indonesia",1979-06-01,26.5404071246819,21.6797858099063,31.403045325779,79.1,8632,539.5
"Indonesia",1979-04-01,26.5404071246819,21.6797858099063,31.64,208.8,8632,539.5
"Indonesia",1979-05-01,26.5404071246819,21.6797858099063,31.403045325779,83.5,8632,539.5
"Indonesia",1979-02-01,26.5404071246819,21.6797858099063,31.403045325779,666.2,8632,539.5
"Indonesia",1979-08-01,26.5404071246819,21.6797858099063,33.11,0,8632,539.5
"Indonesia",1980-11-01,26.5404071246819,21.6797858099063,33,215.747344110854,10284,531.3
"Indonesia",1980-02-01,26.5404071246819,21.6797858099063,31.403045325779,535.2,10284,531.3
"Indonesia",1980-03-01,26.5404071246819,21.6797858099063,31.403045325779,268.9,10284,531.3
"Indonesia",1980-04-01,26.5404071246819,21.6797858099063,31.15,215.747344110854,10284,531.3
"Indonesia",1980-07-01,26.5404071246819,21.6797858099063,32.96,0,10284,531.3
"Indonesia",1980-01-01,26.5404071246819,21.6797858099063,29.89,654.7,10284,531.3
"Indonesia",1980-10-01,26.5404071246819,21.6797858099063,31.403045325779,72.1,10284,531.3
"Indonesia",1981-12-01,26.5404071246819,21.6797858099063,31.403045325779,448.6,13137,583.9
"Indonesia",1981-03-01,26.5404071246819,21.6797858099063,31.403045325779,230,13137,583.9
"Indonesia",1981-02-01,26.5404071246819,21.6797858099063,29.52,403.6,13137,583.9
"Indonesia",1988-04-01,26.5404071246819,21.6797858099063,32.15,215.747344110854,79335,737.5
"Indonesia",1988-08-01,26.5404071246819,21.6797858099063,32.24,215.747344110854,79335,737.5
"Indonesia",1992-11-01,26.5404071246819,21.6797858099063,31.403045325779,92.2,207147,1092.6
"Indonesia",1995-10-01,26.5404071246819,21.6797858099063,34.01,4.1,278400,743.9
"Indonesia",1995-11-01,26.5404071246819,21.6797858099063,31.8,208.2,278400,743.9
"Indonesia",1995-12-01,26.34,23.13,29.55,215.747344110854,278400,743.9
"Indonesia",1995-09-01,26.5404071246819,21.6797858099063,33.7,4.1,278400,743.9
"Indonesia",1995-08-01,26.5404071246819,21.6797858099063,33,0,278400,743.9
"Indonesia",1995-05-01,26.5404071246819,21.6797858099063,31.403045325779,4.5,278400,743.9
"Indonesia",1996-02-01,26.5404071246819,21.6797858099063,29.1,215.747344110854,350800,880
"Indonesia",1996-05-01,26.5404071246819,21.6797858099063,32.24,81.1,350800,880
"Indonesia",1996-08-01,26.5404071246819,21.6797858099063,33.28,7.1,350800,880
"Indonesia",1996-04-01,26.5404071246819,21.6797858099063,31.53,75.4,350800,880
"Indonesia",1996-09-01,26.5404071246819,21.6797858099063,33.8,35.1,350800,880
"Indonesia",1996-03-01,26.5404071246819,21.6797858099063,31.13,72.8,350800,880
"Indonesia",1996-01-01,26.5404071246819,21.6797858099063,29.64,215.747344110854,350800,880
"Indonesia",1996-12-01,26.5404071246819,21.6797858099063,29.12,215.747344110854,350800,880
"Indonesia",1996-11-01,26.5404071246819,21.6797858099063,31.403045325779,99.3,350800,880
"Indonesia",1996-07-01,26.5404071246819,21.6797858099063,32.11,21.5,350800,880
"Indonesia",1996-10-01,27.7,22.88,32.52,57.9,350800,880
"Indonesia",1996-06-01,26.5404071246819,21.6797858099063,32.67,9.1,350800,880
"Indonesia",1997-09-01,26.5404071246819,21.6797858099063,34.24,0,329700,852.8
"Indonesia",1997-05-01,26.5404071246819,21.6797858099063,32.68,2,329700,852.8
"Indonesia",1997-06-01,26.5404071246819,21.6797858099063,33.44,22.1,329700,852.8
"Indonesia",1997-11-01,26.5404071246819,21.6797858099063,33.8,16,329700,852.8
"Indonesia",1997-08-01,26.5404071246819,21.6797858099063,31.403045325779,0,329700,852.8
"Indonesia",1997-04-01,26.5404071246819,21.6797858099063,32.18,70.1,329700,852.8
"Indonesia",1997-02-01,26.5404071246819,21.6797858099063,29.5,355.6,329700,852.8
"Indonesia",1997-12-01,26.5404071246819,21.6797858099063,31.88,85.3,329700,852.8
"Indonesia",1997-10-01,26.5404071246819,21.6797858099063,34.65,0,329700,852.8
"Indonesia",1997-03-01,27.04,22.72,31.36,62.2,329700,852.8
"Indonesia",1997-07-01,26.5404071246819,21.6797858099063,32.69,1,329700,852.8
"Indonesia",1998-01-01,26.5404071246819,21.6797858099063,32.2,21.5,456499,1132.3
"Indonesia",1998-08-01,26.5404071246819,21.6797858099063,32.06,17.5,456499,1132.3
"Indonesia",1998-03-01,26.5404071246819,21.6797858099063,31.403045325779,43.1,456499,1132.3
"Indonesia",1998-05-01,26.5404071246819,21.6797858099063,32.41,77.7,456499,1132.3
"Indonesia",1998-09-01,26.5404071246819,21.6797858099063,32.92,13.2,456499,1132.3
"Indonesia",1998-02-01,26.5404071246819,21.6797858099063,32.16,16.5,456499,1132.3
"Indonesia",1998-06-01,26.5404071246819,21.6797858099063,31.94,214.5,456499,1132.3
"Indonesia",1998-10-01,26.5404071246819,21.6797858099063,32.58,112.4,456499,1132.3
"Indonesia",1998-11-01,26.5404071246819,21.6797858099063,30.49,300.5,456499,1132.3
"Indonesia",1998-12-01,26.5404071246819,21.6797858099063,29.7,215.747344110854,456499,1132.3
"Indonesia",1998-04-01,26.5404071246819,21.6797858099063,31.86,112.5,456499,1132.3
"Indonesia",1998-07-01,26.5404071246819,21.6797858099063,31.16,172.2,456499,1132.3
"Indonesia",1999-10-01,26.5404071246819,21.6797858099063,32.15,72.7,367475,550.2
"Indonesia",1999-08-01,26.5404071246819,21.6797858099063,32.71,215.747344110854,367475,550.2
"Indonesia",1999-11-01,26.5404071246819,21.6797858099063,30.69,215.747344110854,367475,550.2
"Indonesia",1999-07-01,26.5404071246819,21.6797858099063,31.49,215.747344110854,367475,550.2
"Indonesia",1999-09-01,26.5404071246819,21.6797858099063,33.6,215.747344110854,367475,550.2
"Indonesia",1999-03-01,26.5404071246819,21.6797858099063,30.82,215.747344110854,367475,550.2
"Indonesia",1999-05-01,26.5404071246819,21.6797858099063,31.29,215.747344110854,367475,550.2
"Indonesia",2000-02-01,26.5404071246819,21.6797858099063,29.62,215.747344110854,421142,561.6
"Indonesia",2000-06-01,26.5404071246819,21.6797858099063,30.44,215.747344110854,421142,561.6
"Indonesia",2000-04-01,26.5404071246819,21.6797858099063,31.16,215.747344110854,421142,561.6
"Indonesia",2000-08-01,26.5404071246819,21.6797858099063,32.45,215.747344110854,421142,561.6
"Indonesia",2000-10-01,26.5404071246819,21.6797858099063,32.28,215.747344110854,421142,561.6
"Indonesia",2000-05-01,26.5404071246819,21.6797858099063,31.63,215.747344110854,421142,561.6
"Indonesia",2001-02-01,26.5404071246819,23.33,31.403045325779,215.747344110854,536804,701.3
"Indonesia",2002-04-01,26.5404071246819,21.6797858099063,31.43,215.747344110854,619192,797
"Indonesia",2002-02-01,26.5404071246819,21.6797858099063,30.4,215.747344110854,619192,797
"Indonesia",2002-09-01,26.5404071246819,21.6797858099063,33.41,215.747344110854,619192,797
"Indonesia",2002-11-01,26.5404071246819,21.6797858099063,33.57,76.2,619192,797
"Indonesia",2002-06-01,26.5404071246819,21.6797858099063,32.29,215.747344110854,619192,797
"Indonesia",2002-05-01,26.5404071246819,21.6797858099063,32.26,215.747344110854,619192,797
"Indonesia",2003-10-01,26.5404071246819,21.6797858099063,33.5,215.747344110854,695361,723.5
"Indonesia",2003-04-01,26.5404071246819,21.6797858099063,31.403045325779,35.6,695361,723.5
"Indonesia",2003-06-01,26.5404071246819,21.6797858099063,31.403045325779,2.5,695361,723.5
"Indonesia",2003-07-01,26.5404071246819,21.6797858099063,31.72,215.747344110854,695361,723.5
"Indonesia",2003-11-01,26.5404071246819,21.6797858099063,31.403045325779,109,695361,723.5
"Indonesia",2003-08-01,26.5404071246819,21.6797858099063,32.64,215.747344110854,695361,723.5
"Indonesia",2004-08-01,26.5404071246819,21.6797858099063,32.76,152.9,691704,634
"Indonesia",2004-09-01,26.5404071246819,21.6797858099063,31.403045325779,0,691704,634
"Indonesia",2004-07-01,26.5404071246819,21.6797858099063,31.403045325779,0,691704,634
"Indonesia",2005-08-01,26.5404071246819,21.6797858099063,34.92,215.747344110854,748827,641.6
"Indonesia",2005-04-01,26.5404071246819,21.6797858099063,32,215.747344110854,748827,641.6
"Indonesia",2005-07-01,26.5404071246819,21.6797858099063,34.19,215.747344110854,748827,641.6
"Indonesia",2005-05-01,26.5404071246819,21.6797858099063,31.403045325779,51.3,748827,641.6
"Indonesia",2005-11-01,26.5404071246819,21.6797858099063,32.28,215.747344110854,748827,641.6
"Indonesia",2005-06-01,26.5404071246819,21.6797858099063,34.45,0.3,748827,641.6
"Indonesia",2005-10-01,26.5404071246819,21.6797858099063,33.98,215.747344110854,748827,641.6
"Indonesia",2006-01-01,26.5404071246819,21.6797858099063,30.98,215.747344110854,769386,849.5
"Indonesia",2006-08-01,26.5404071246819,21.6797858099063,34.63,215.747344110854,769386,849.5
"Indonesia",2006-03-01,26.5404071246819,21.6797858099063,31.49,215.747344110854,769386,849.5
"Indonesia",2006-04-01,26.5404071246819,21.6797858099063,32,215.747344110854,769386,849.5
"Indonesia",2006-07-01,26.5404071246819,21.6797858099063,33.12,215.747344110854,769386,849.5
"Indonesia",2006-02-01,26.5404071246819,21.6797858099063,31.26,215.747344110854,769386,849.5
"Indonesia",2006-09-01,26.5404071246819,21.6797858099063,34.93,215.747344110854,769386,849.5
"Indonesia",2006-06-01,26.5404071246819,21.6797858099063,31.72,215.747344110854,769386,849.5
"Indonesia",2006-10-01,26.5404071246819,21.6797858099063,35.42,215.747344110854,769386,849.5
"Indonesia",2006-05-01,26.5404071246819,21.6797858099063,32.96,215.747344110854,769386,849.5
"Indonesia",2006-11-01,26.5404071246819,21.6797858099063,34.79,215.747344110854,769386,849.5
"Indonesia",2007-04-01,26.5404071246819,21.6797858099063,32.28,215.747344110854,740006,800.9
"Indonesia",2007-11-01,26.5404071246819,21.6797858099063,32.45,215.747344110854,740006,800.9
"Indonesia",2007-03-01,26.5404071246819,21.6797858099063,31.7,215.747344110854,740006,800.9
"Indonesia",2007-08-01,26.5404071246819,21.6797858099063,33.61,215.747344110854,740006,800.9
"Indonesia",2007-09-01,26.5404071246819,21.6797858099063,34.09,215.747344110854,740006,800.9
"Indonesia",2007-10-01,26.5404071246819,21.6797858099063,34.21,215.747344110854,740006,800.9
"Indonesia",2007-12-01,26.5404071246819,21.6797858099063,31.26,215.747344110854,740006,800.9
"Indonesia",2007-07-01,26.5404071246819,21.6797858099063,32.79,215.747344110854,740006,800.9
"Indonesia",2007-05-01,26.5404071246819,21.6797858099063,33,215.747344110854,740006,800.9
"Indonesia",2007-06-01,26.5404071246819,21.6797858099063,32.35,215.747344110854,740006,800.9
"Indonesia",2008-01-01,26.5404071246819,21.6797858099063,31.17,215.747344110854,803593,563.8
"Indonesia",2008-03-01,26.5404071246819,21.6797858099063,31.7,215.747344110854,803593,563.8
"Indonesia",2008-10-01,26.5404071246819,21.6797858099063,34.8,215.747344110854,803593,563.8
"Indonesia",2008-11-01,26.5404071246819,21.6797858099063,32.61,215.747344110854,803593,563.8
"Indonesia",2008-04-01,26.5404071246819,21.6797858099063,32.47,215.747344110854,803593,563.8
"Indonesia",2008-12-01,26.5404071246819,21.6797858099063,30.93,215.747344110854,803593,563.8
"Indonesia",2008-02-01,26.5404071246819,21.6797858099063,30.74,215.747344110854,803593,563.8
"Indonesia",2008-05-01,26.5404071246819,21.6797858099063,33.02,215.747344110854,803593,563.8
"Indonesia",2009-06-01,26.5404071246819,21.6797858099063,33.73,215.747344110854,809583,510.1
"Indonesia",2009-09-01,26.5404071246819,21.6797858099063,34.98,215.747344110854,809583,510.1
"Indonesia",2009-05-01,26.5404071246819,21.6797858099063,33.51,215.747344110854,809583,510.1
"Indonesia",2009-07-01,26.5404071246819,21.6797858099063,32.94,215.747344110854,809583,510.1
"Indonesia",2009-03-01,26.5404071246819,21.6797858099063,32.39,215.747344110854,809583,510.1
"Indonesia",2009-11-01,26.5404071246819,21.6797858099063,34.28,215.747344110854,809583,510.1
"Indonesia",2009-02-01,26.5404071246819,21.6797858099063,30.73,215.747344110854,809583,510.1
"Indonesia",2009-08-01,26.5404071246819,21.6797858099063,34.86,215.747344110854,809583,510.1
"Indonesia",2009-04-01,26.5404071246819,21.6797858099063,33.15,215.747344110854,809583,510.1
"Indonesia",2009-10-01,26.5404071246819,21.6797858099063,34.8,215.747344110854,809583,510.1
"Indonesia",2010-09-01,26.5404071246819,21.6797858099063,31.83,215.747344110854,844626,511.4
"Indonesia",2011-05-01,26.5404071246819,21.6797858099063,32.8,215.747344110854,712200,411.1
"Indonesia",2012-10-01,26.5404071246819,21.6797858099063,35.41,215.747344110854,740500,399.6
"Indonesia",2012-11-01,26.5404071246819,21.6797858099063,33.66,215.747344110854,740500,399.6
"Indonesia",2012-09-01,26.5404071246819,21.6797858099063,35.24,215.747344110854,740500,399.6
"Indonesia",2012-12-01,26.5404071246819,21.6797858099063,32.68,215.747344110854,740500,399.6
"Indonesia",2013-02-01,26.5404071246819,21.6797858099063,31.21,215.747344110854,720900,414.2
"Indonesia",2014-09-01,26.5404071246819,21.6797858099063,34.84,215.747344110854,728400,421.7
"Indonesia",2016-12-01,26.5404071246819,21.6797858099063,31.53,215.747344110854,656817,386.1
"Indonesia",2016-10-01,26.5404071246819,21.6797858099063,32.88,215.747344110854,656817,386.1
"Indonesia",2019-04-01,26.5404071246819,21.6797858099063,32.77,215.747344110854,734795,470.7
"Indonesia",2019-05-01,26.5404071246819,21.6797858099063,33.34,215.747344110854,734795,470.7
"Indonesia",2019-12-01,26.5404071246819,21.6797858099063,32.61,215.747344110854,734795,470.7
"Indonesia",2019-07-01,26.5404071246819,21.6797858099063,33,215.747344110854,734795,470.7
"Indonesia",2019-06-01,26.5404071246819,21.6797858099063,32.74,215.747344110854,734795,470.7
"Indonesia",2019-09-01,26.5404071246819,21.6797858099063,34.57,215.747344110854,734795,470.7
"Indonesia",2019-02-01,26.5404071246819,21.6797858099063,32.2,215.747344110854,734795,470.7
"Indonesia",2020-12-01,26.5404071246819,21.6797858099063,30.42,215.747344110854,720660,477.6
"Indonesia",2020-11-01,26.5404071246819,21.6797858099063,32.59,215.747344110854,720660,477.6
"Indonesia",2020-05-01,26.5404071246819,21.6797858099063,32.77,215.747344110854,720660,477.6
"Indonesia",2020-06-01,26.5404071246819,21.6797858099063,32.51,215.747344110854,720660,477.6
"Indonesia",2020-08-01,26.5404071246819,21.6797858099063,34.35,215.747344110854,720660,477.6
"Indonesia",2020-07-01,26.5404071246819,21.6797858099063,32.56,215.747344110854,720660,477.6
"Indonesia",2020-09-01,26.5404071246819,21.6797858099063,34.26,215.747344110854,720660,477.6
"Indonesia",2020-01-01,26.5404071246819,21.6797858099063,31.12,215.747344110854,720660,477.6
"Indonesia",2021-07-01,26.5404071246819,21.6797858099063,32.25,215.747344110854,650611.69,457.9
"Indonesia",2021-11-01,26.5404071246819,21.6797858099063,32.24,215.747344110854,650611.69,457.9
"Indonesia",2021-05-01,26.5404071246819,21.6797858099063,32.84,215.747344110854,650611.69,457.9
"Indonesia",2021-06-01,26.5404071246819,21.6797858099063,33.04,215.747344110854,650611.69,457.9
"Indonesia",2021-08-01,26.5404071246819,21.6797858099063,33.46,215.747344110854,650611.69,457.9
"Indonesia",2021-04-01,26.5404071246819,21.6797858099063,32.05,215.747344110854,650611.69,457.9
"Indonesia",2021-10-01,26.5404071246819,21.6797858099063,33.11,215.747344110854,650611.69,457.9
"Indonesia",2021-03-01,26.5404071246819,21.6797858099063,31.1,215.747344110854,650611.69,457.9
"Indonesia",2021-01-01,26.5404071246819,21.6797858099063,30.16,215.747344110854,650611.69,457.9
"Indonesia",2021-12-01,26.5404071246819,21.6797858099063,30.34,215.747344110854,650611.69,457.9
"Indonesia",2021-09-01,26.5404071246819,21.6797858099063,32.84,215.747344110854,650611.69,457.9
"Indonesia",2022-05-01,26.5404071246819,21.6797858099063,32.63,215.747344110854,650611.69,457.9
"Indonesia",2022-08-01,26.5404071246819,21.6797858099063,32.9,215.747344110854,650611.69,457.9
"Indonesia",2022-06-01,26.5404071246819,21.6797858099063,32.05,215.747344110854,650611.69,457.9
"Indonesia",2022-01-01,26.5404071246819,21.6797858099063,30.39,215.747344110854,650611.69,457.9
"Indonesia",2022-02-01,26.5404071246819,21.6797858099063,30.97,215.747344110854,650611.69,457.9
"Indonesia",2022-11-01,26.5404071246819,21.6797858099063,31.97,215.747344110854,650611.69,457.9
"Indonesia",2022-10-01,26.5404071246819,21.6797858099063,32.36,215.747344110854,650611.69,457.9
"Indonesia",2022-07-01,26.5404071246819,21.6797858099063,32.68,215.747344110854,650611.69,457.9
"Indonesia",2022-09-01,26.5404071246819,21.6797858099063,33.09,215.747344110854,650611.69,457.9
"Indonesia",2022-04-01,26.5404071246819,21.6797858099063,32.51,215.747344110854,650611.69,457.9
"Indonesia",2022-03-01,26.5404071246819,21.6797858099063,31.65,215.747344110854,650611.69,457.9
"Indonesia",2023-08-01,26.5404071246819,21.6797858099063,33.98,215.747344110854,641741.02,454.9
"Indonesia",2023-11-01,26.5404071246819,21.6797858099063,34.07,215.747344110854,641741.02,454.9
"Indonesia",2023-04-01,26.5404071246819,21.6797858099063,32.16,215.747344110854,641741.02,454.9
"Indonesia",2023-07-01,26.5404071246819,21.6797858099063,32.73,215.747344110854,641741.02,454.9
"Indonesia",2023-10-01,26.5404071246819,21.6797858099063,35.89,215.747344110854,641741.02,454.9
"Indonesia",2023-05-01,26.5404071246819,21.6797858099063,33.32,215.747344110854,641741.02,454.9
"Indonesia",2024-04-01,26.5404071246819,21.6797858099063,32.46,215.747344110854,381425.612203245,536.695046968403
"Indonesia",2024-05-01,26.5404071246819,21.6797858099063,33.37,215.747344110854,381425.612203245,536.695046968403
"Indonesia",2024-09-01,26.5404071246819,21.6797858099063,34.81,215.747344110854,381425.612203245,536.695046968403
"Indonesia",2024-06-01,26.5404071246819,21.6797858099063,32.88,215.747344110854,381425.612203245,536.695046968403
"Indonesia",2024-07-01,26.5404071246819,21.6797858099063,33.08,215.747344110854,381425.612203245,536.695046968403
"Indonesia",2024-08-01,26.5404071246819,21.6797858099063,34.3,215.747344110854,381425.612203245,536.695046968403
"Ivory_Coast",1978-12-01,26.5404071246819,21.6797858099063,31.403045325779,123.9,318381,430.2
"Ivory_Coast",1978-11-01,26.32,23.07,29.58,13.4,318381,430.2
"Ivory_Coast",1978-10-01,26.5404071246819,21.6797858099063,31.403045325779,25.7,318381,430.2
"Ivory_Coast",1979-08-01,26.5404071246819,22.5,31.403045325779,92.9,397759,506.9
"Ivory_Coast",1979-03-01,26.5404071246819,21.6797858099063,31.403045325779,20,397759,506.9
"Ivory_Coast",1979-02-01,26.5404071246819,21.6797858099063,30.65,215.747344110854,397759,506.9
"Ivory_Coast",1979-09-01,25.27,22.93,27.61,66.2,397759,506.9
"Ivory_Coast",1979-05-01,26.86,23.54,30.19,200.5,397759,506.9
"Ivory_Coast",1979-04-01,27.91,24.35,31.48,12.9,397759,506.9
"Ivory_Coast",1979-11-01,26.5404071246819,21.6797858099063,29.87,195.5,397759,506.9
"Ivory_Coast",1979-01-01,26.5404071246819,21.6797858099063,30.63,215.747344110854,397759,506.9
"Ivory_Coast",1979-06-01,25.71,23.16,28.27,423.5,397759,506.9
"Ivory_Coast",1979-07-01,26.5404071246819,22.83,31.403045325779,53.7,397759,506.9
"Ivory_Coast",1979-10-01,25.95,23.52,28.38,221.2,397759,506.9
"Ivory_Coast",1980-02-01,26.5404071246819,21.6797858099063,30.68,4.1,417222,498.7
"Ivory_Coast",1980-07-01,26.5404071246819,21.6797858099063,26.85,32,417222,498.7
"Ivory_Coast",1980-03-01,27.27,23.68,30.86,15.5,417222,498.7
"Ivory_Coast",1980-05-01,26.5404071246819,21.6797858099063,31.403045325779,217.7,417222,498.7
"Ivory_Coast",1980-06-01,26.5404071246819,21.6797858099063,27.77,215.747344110854,417222,498.7
"Ivory_Coast",1980-12-01,26.5404071246819,21.6797858099063,31.403045325779,32,417222,498.7
"Ivory_Coast",1980-08-01,26.5404071246819,21.6797858099063,31.403045325779,32,417222,498.7
"Ivory_Coast",1980-04-01,26.5404071246819,21.6797858099063,31.403045325779,79.1,417222,498.7
"Ivory_Coast",1980-11-01,26.5404071246819,21.6797858099063,31.403045325779,285.4,417222,498.7
"Ivory_Coast",1980-10-01,26.5404071246819,21.6797858099063,28.63,215.747344110854,417222,498.7
"Ivory_Coast",1981-11-01,26.5404071246819,21.6797858099063,30.43,215.747344110854,464751,515.6
"Ivory_Coast",1981-12-01,26.5404071246819,23.15,31.403045325779,52.3,464751,515.6
"Ivory_Coast",1981-02-01,26.5404071246819,21.6797858099063,30.92,19.3,464751,515.6
"Ivory_Coast",1981-03-01,26.5404071246819,21.6797858099063,31.403045325779,48,464751,515.6
"Ivory_Coast",1981-06-01,26.5404071246819,23.64,31.403045325779,550.4,464751,515.6
"Ivory_Coast",1982-02-01,26.5404071246819,23.18,31.403045325779,215.747344110854,360445,378.2
"Ivory_Coast",1982-08-01,24.02,22.01,26.03,215.747344110854,360445,378.2
"Ivory_Coast",1982-05-01,26.5404071246819,21.6797858099063,31.403045325779,929.4,360445,378.2
"Ivory_Coast",1982-10-01,26.5404071246819,22.84,31.403045325779,215.747344110854,360445,378.2
"Ivory_Coast",1982-09-01,24.98,22.63,27.33,215.747344110854,360445,378.2
"Ivory_Coast",1982-11-01,26.2,23.05,29.35,215.747344110854,360445,378.2
"Ivory_Coast",1982-06-01,25.2,23.14,27.26,367.1,360445,378.2
"Ivory_Coast",1982-12-01,26.12,22.62,29.63,215.747344110854,360445,378.2
"Ivory_Coast",1983-02-01,27.57,23.44,31.71,215.747344110854,411081,431.5
"Ivory_Coast",1983-04-01,27.9,23.95,31.84,215.747344110854,411081,431.5
"Ivory_Coast",1983-07-01,24.65,22.39,26.91,215.747344110854,411081,431.5
"Ivory_Coast",1983-12-01,26.03,22.55,29.51,215.747344110854,411081,431.5
"Ivory_Coast",1983-08-01,24.5,22.03,26.96,215.747344110854,411081,431.5
"Ivory_Coast",1983-01-01,25.85,20.45,31.26,215.747344110854,411081,431.5
"Ivory_Coast",1983-11-01,26.24,23.13,29.34,215.747344110854,411081,431.5
"Ivory_Coast",1983-06-01,26.5404071246819,21.6797858099063,27.7,111.6,411081,431.5
"Ivory_Coast",1983-03-01,28.32,24.85,31.8,215.747344110854,411081,431.5
"Ivory_Coast",1983-10-01,26.18,23.31,29.05,128.3,411081,431.5
"Ivory_Coast",1983-05-01,26.86,23.9,29.81,215.747344110854,411081,431.5
"Ivory_Coast",1984-11-01,26.64,22.92,30.36,215.747344110854,565042,549.3
"Ivory_Coast",1984-12-01,26.88,22.59,31.17,215.747344110854,565042,549.3
"Ivory_Coast",1984-02-01,27.08,22.43,31.73,215.747344110854,565042,549.3
"Ivory_Coast",1984-01-01,26.55,22.77,30.34,215.747344110854,565042,549.3
"Ivory_Coast",1984-06-01,26.5404071246819,21.6797858099063,31.403045325779,318.1,565042,549.3
"Ivory_Coast",1984-03-01,26.5404071246819,21.6797858099063,31.81,215.747344110854,565042,549.3
"Ivory_Coast",1985-10-01,26.15,23.1,29.19,215.747344110854,555115,504.7
"Ivory_Coast",1985-01-01,26.5404071246819,21.6797858099063,30.95,215.747344110854,555115,504.7
"Ivory_Coast",1985-02-01,27.21,23.03,31.39,215.747344110854,555115,504.7
"Ivory_Coast",1985-07-01,26.5404071246819,21.6797858099063,28,215.747344110854,555115,504.7
"Ivory_Coast",1985-03-01,26.5404071246819,23.92,31.403045325779,215.747344110854,555115,504.7
"Ivory_Coast",1985-08-01,26.5404071246819,22.56,31.403045325779,215.747344110854,555115,504.7
"Ivory_Coast",1985-11-01,26.5404071246819,21.6797858099063,29.68,215.747344110854,555115,504.7
"Ivory_Coast",1985-09-01,26.5404071246819,22.68,31.403045325779,215.747344110854,555115,504.7
"Ivory_Coast",1985-12-01,26,21.75,30.24,215.747344110854,555115,504.7
"Ivory_Coast",1986-02-01,27.05,23.41,30.7,215.747344110854,610680,520.3
"Ivory_Coast",1986-03-01,26.5404071246819,21.6797858099063,30.79,215.747344110854,610680,520.3
"Ivory_Coast",1986-06-01,26.5404071246819,21.6797858099063,31.403045325779,279,610680,520.3
"Ivory_Coast",1986-04-01,26.5404071246819,21.6797858099063,31.04,215.747344110854,610680,520.3
"Ivory_Coast",1986-05-01,26.5404071246819,23.74,31.403045325779,215.747344110854,610680,520.3
"Ivory_Coast",1986-01-01,26.37,21.79,30.96,215.747344110854,610680,520.3
"Ivory_Coast",1986-11-01,26.11,23.08,29.13,215.747344110854,610680,520.3
"Ivory_Coast",1986-12-01,26.1,22.56,29.64,215.747344110854,610680,520.3
"Ivory_Coast",1986-08-01,24.59,21.95,27.22,215.747344110854,610680,520.3
"Ivory_Coast",1986-10-01,25.55,22.87,28.23,215.747344110854,610680,520.3
"Ivory_Coast",1986-07-01,24.5,22.27,26.73,215.747344110854,610680,520.3
"Ivory_Coast",1987-03-01,26.5404071246819,21.6797858099063,31.12,215.747344110854,664031,538.2
"Ivory_Coast",1987-05-01,27.83,24.7,30.96,216.9,664031,538.2
"Ivory_Coast",1987-01-01,26.89,23.65,30.13,215.747344110854,664031,538.2
"Ivory_Coast",1987-02-01,27.1,23.86,30.33,215.747344110854,664031,538.2
"Ivory_Coast",1987-06-01,26.3,23.88,28.72,215.747344110854,664031,538.2
"Ivory_Coast",1987-07-01,26.5404071246819,21.6797858099063,28.41,215.747344110854,664031,538.2
"Ivory_Coast",1988-11-01,26.5404071246819,21.6797858099063,30.47,215.747344110854,832177,531.2
"Ivory_Coast",1988-08-01,26.5404071246819,21.6797858099063,27.31,215.747344110854,832177,531.2
"Ivory_Coast",1988-07-01,25.46,22.79,28.13,215.747344110854,832177,531.2
"Ivory_Coast",1988-06-01,26.5404071246819,21.6797858099063,29.35,215.747344110854,832177,531.2
"Ivory_Coast",1989-09-01,26.5404071246819,22.43,31.403045325779,215.747344110854,780521,568.4
"Ivory_Coast",1989-10-01,26.5404071246819,22.83,31.403045325779,215.747344110854,780521,568.4
"Ivory_Coast",1989-08-01,26.5404071246819,21.6797858099063,27.39,215.747344110854,780521,568.4
"Ivory_Coast",1989-01-01,26.15,21.25,31.05,215.747344110854,780521,568.4
"Ivory_Coast",1989-11-01,26.5404071246819,23.2,31.403045325779,215.747344110854,780521,568.4
"Ivory_Coast",1989-03-01,26.5404071246819,21.6797858099063,31.26,215.747344110854,780521,568.4
"Ivory_Coast",1990-12-01,26.5404071246819,21.6797858099063,30.09,215.747344110854,807501,515.5
"Ivory_Coast",1990-06-01,26.5404071246819,21.6797858099063,28.92,215.747344110854,807501,515.5
"Ivory_Coast",1990-10-01,26.48,23.56,29.4,215.747344110854,807501,515.5
"Ivory_Coast",1990-03-01,28.58,24.58,32.58,215.747344110854,807501,515.5
"Ivory_Coast",1990-11-01,26.5404071246819,21.6797858099063,30.3,215.747344110854,807501,515.5
"Ivory_Coast",1990-08-01,26.5404071246819,22.09,31.403045325779,215.747344110854,807501,515.5
"Ivory_Coast",1990-04-01,27.87,23.95,31.8,215.747344110854,807501,515.5
"Ivory_Coast",1991-05-01,26.94,24,29.88,215.747344110854,764708,541.6
"Ivory_Coast",1992-02-01,26.5404071246819,21.6797858099063,31.66,215.747344110854,813009,560.7
"Ivory_Coast",1992-03-01,27.64,23.96,31.32,215.747344110854,813009,560.7
"Ivory_Coast",1992-05-01,26.63,23.82,29.45,215.747344110854,813009,560.7
"Ivory_Coast",1992-10-01,25.95,23.47,28.43,215.747344110854,813009,560.7
"Ivory_Coast",1992-09-01,26.5404071246819,21.6797858099063,27.46,215.747344110854,813009,560.7
"Ivory_Coast",1992-08-01,26.5404071246819,21.6797858099063,26.43,215.747344110854,813009,560.7
"Ivory_Coast",1993-05-01,26.5404071246819,21.6797858099063,30.44,215.747344110854,803799,563.7
"Ivory_Coast",1994-03-01,26.5404071246819,21.6797858099063,31.87,215.747344110854,808662,539.1
"Ivory_Coast",1994-09-01,26.5404071246819,21.6797858099063,27.42,215.747344110854,808662,539.1
"Ivory_Coast",1995-02-01,26.5404071246819,21.6797858099063,31.44,215.747344110854,1120000,589.5
"Ivory_Coast",1995-03-01,26.5404071246819,21.6797858099063,31.12,215.747344110854,1120000,589.5
"Ivory_Coast",1995-04-01,26.5404071246819,21.6797858099063,31.2,215.747344110854,1120000,589.5
"Ivory_Coast",1995-11-01,26.5404071246819,21.6797858099063,30.13,215.747344110854,1120000,589.5
"Ivory_Coast",1996-12-01,26.4,23.2,29.61,215.747344110854,1235300,601.7
"Ivory_Coast",1996-11-01,26.63,23.24,30.02,215.747344110854,1235300,601.7
"Ivory_Coast",1996-10-01,26.5404071246819,21.6797858099063,29.12,215.747344110854,1235300,601.7
"Ivory_Coast",1996-08-01,26.5404071246819,21.6797858099063,27.51,215.747344110854,1235300,601.7
"Ivory_Coast",1997-11-01,26.87,23.16,30.58,91.1,1119110,613.9
"Ivory_Coast",1997-06-01,26.5404071246819,21.6797858099063,27.91,215.747344110854,1119110,613.9
"Ivory_Coast",1998-07-01,25.84,23.27,28.41,215.747344110854,1201119,667.3
"Ivory_Coast",1998-02-01,28.84,24.95,32.73,215.747344110854,1201119,667.3
"Ivory_Coast",1998-11-01,26.88,23.12,30.65,147,1201119,667.3
"Ivory_Coast",1998-04-01,26.5404071246819,25.11,31.403045325779,108.5,1201119,667.3
"Ivory_Coast",1998-05-01,27.86,24.36,31.36,215.747344110854,1201119,667.3
"Ivory_Coast",1998-10-01,26.57,23.57,29.57,215.747344110854,1201119,667.3
"Ivory_Coast",1998-12-01,26.91,23.09,30.72,215.747344110854,1201119,667.3
"Ivory_Coast",1998-03-01,28.96,25.03,32.89,215.747344110854,1201119,667.3
"Ivory_Coast",1998-09-01,25.64,22.83,28.46,215.747344110854,1201119,667.3
"Ivory_Coast",1998-08-01,26.5404071246819,22.06,31.403045325779,215.747344110854,1201119,667.3
"Ivory_Coast",1999-04-01,27.37,23.38,31.35,215.747344110854,1163025,612.1
"Ivory_Coast",1999-01-01,26.5404071246819,21.6797858099063,31.59,215.747344110854,1163025,612.1
"Ivory_Coast",1999-03-01,27.47,23.35,31.59,215.747344110854,1163025,612.1
"Ivory_Coast",1999-06-01,26.5404071246819,22.79,31.403045325779,215.747344110854,1163025,612.1
"Ivory_Coast",1999-02-01,27.12,22.5,31.74,215.747344110854,1163025,612.1
"Ivory_Coast",2000-02-01,26.5404071246819,21.6797858099063,31.88,215.747344110854,1401101,700.6
"Ivory_Coast",2009-12-01,27.36,23.03,31.69,215.747344110854,1223153,562.1
"Ivory_Coast",2009-10-01,26.5404071246819,21.6797858099063,30.42,215.747344110854,1223153,562.1
"Ivory_Coast",2009-08-01,26.5404071246819,21.6797858099063,27.92,215.747344110854,1223153,562.1
"Ivory_Coast",2009-09-01,26.01,22.59,29.44,215.747344110854,1223153,562.1
"Ivory_Coast",2009-06-01,26.5404071246819,21.6797858099063,29.71,215.747344110854,1223153,562.1
"Ivory_Coast",2009-05-01,26.5404071246819,21.6797858099063,32.03,215.747344110854,1223153,562.1
"Ivory_Coast",2010-01-01,27.76,23.3,32.22,215.747344110854,1301347,571.1
"Ivory_Coast",2010-02-01,28.63,24.18,33.08,215.747344110854,1301347,571.1
"Ivory_Coast",2010-05-01,26.5404071246819,21.6797858099063,31.85,215.747344110854,1301347,571.1
"Ivory_Coast",2010-03-01,26.5404071246819,21.6797858099063,33.18,215.747344110854,1301347,571.1
"Ivory_Coast",2010-04-01,26.5404071246819,21.6797858099063,33.23,215.747344110854,1301347,571.1
"Ivory_Coast",2010-12-01,27.47,23.2,31.74,215.747344110854,1301347,571.1
"Ivory_Coast",2010-07-01,25.67,22.23,29.12,215.747344110854,1301347,571.1
"Ivory_Coast",2010-10-01,26.5404071246819,21.6797858099063,30.48,215.747344110854,1301347,571.1
"Ivory_Coast",2010-11-01,26.5404071246819,21.6797858099063,31.16,215.747344110854,1301347,571.1
"Ivory_Coast",2010-06-01,26.5404071246819,21.6797858099063,30.11,201.7,1301347,571.1
"Ivory_Coast",2011-06-01,26.5404071246819,21.6797858099063,29.58,215.747344110854,1511255,562.8
"Ivory_Coast",2011-02-01,28.13,23.28,32.98,215.747344110854,1511255,562.8
"Ivory_Coast",2011-09-01,26.5404071246819,21.6797858099063,28.67,215.747344110854,1511255,562.8
"Ivory_Coast",2011-07-01,25.68,22.92,28.45,215.747344110854,1511255,562.8
"Ivory_Coast",2011-01-01,26.5404071246819,21.6797858099063,32.61,215.747344110854,1511255,562.8
"Ivory_Coast",2011-08-01,25.4,22.7,28.09,215.747344110854,1511255,562.8
"Ivory_Coast",2011-12-01,26.5404071246819,21.6797858099063,30.45,215.747344110854,1511255,562.8
"Ivory_Coast",2011-11-01,27.2,23.54,30.87,215.747344110854,1511255,562.8
"Ivory_Coast",2011-10-01,26.48,23.34,29.61,215.747344110854,1511255,562.8
"Ivory_Coast",2012-11-01,26.5404071246819,21.6797858099063,30.63,215.747344110854,1485882,541.1
"Ivory_Coast",2012-02-01,27.18,23.14,31.21,215.747344110854,1485882,541.1
"Ivory_Coast",2012-09-01,26.5404071246819,21.6797858099063,29.33,215.747344110854,1485882,541.1
"Ivory_Coast",2012-04-01,26.5404071246819,21.6797858099063,31.82,215.747344110854,1485882,541.1
"Ivory_Coast",2012-01-01,26.5404071246819,21.6797858099063,31.84,215.747344110854,1485882,541.1
"Ivory_Coast",2012-05-01,26.5404071246819,21.6797858099063,30.85,215.747344110854,1485882,541.1
"Ivory_Coast",2012-10-01,26.5404071246819,21.6797858099063,29.64,215.747344110854,1485882,541.1
"Ivory_Coast",2012-03-01,28.29,23.93,32.65,215.747344110854,1485882,541.1
"Ivory_Coast",2012-06-01,26.53,23.42,29.64,215.747344110854,1485882,541.1
"Ivory_Coast",2012-08-01,25.43,22.61,28.25,215.747344110854,1485882,541.1
"Ivory_Coast",2012-12-01,27.16,23.14,31.18,215.747344110854,1485882,541.1
"Ivory_Coast",2012-07-01,25.88,22.87,28.88,215.747344110854,1485882,541.1
"Ivory_Coast",2013-08-01,26.5404071246819,21.6797858099063,27.81,215.747344110854,1448992,530.5
"Ivory_Coast",2013-05-01,26.5404071246819,21.6797858099063,31.47,215.747344110854,1448992,530.5
"Ivory_Coast",2013-02-01,26.5404071246819,21.6797858099063,32.54,215.747344110854,1448992,530.5
"Ivory_Coast",2013-11-01,26.5404071246819,21.6797858099063,30.7,215.747344110854,1448992,530.5
"Ivory_Coast",2013-01-01,26.5404071246819,21.6797858099063,32.58,215.747344110854,1448992,530.5
"Ivory_Coast",2013-10-01,26.71,23.07,30.35,215.747344110854,1448992,530.5
"Ivory_Coast",2013-03-01,26.5404071246819,21.6797858099063,32.78,215.747344110854,1448992,530.5
"Ivory_Coast",2013-12-01,27.09,22.97,31.21,215.747344110854,1448992,530.5
"Ivory_Coast",2013-09-01,26.5404071246819,21.6797858099063,28.7,215.747344110854,1448992,530.5
"Ivory_Coast",2013-06-01,26.5404071246819,21.6797858099063,29.17,215.747344110854,1448992,530.5
"Ivory_Coast",2013-04-01,26.5404071246819,21.6797858099063,32.93,215.747344110854,1448992,530.5
"Ivory_Coast",2014-03-01,28.49,23.98,33.01,215.747344110854,1637777.56,531
"Ivory_Coast",2014-02-01,28.06,23.66,32.47,215.747344110854,1637777.56,531
"Ivory_Coast",2014-10-01,26.69,23.79,29.6,215.747344110854,1637777.56,531
"Ivory_Coast",2014-11-01,26.5404071246819,21.6797858099063,30.19,215.747344110854,1637777.56,531
"Ivory_Coast",2014-07-01,25.72,23.34,28.1,215.747344110854,1637777.56,531
"Ivory_Coast",2014-01-01,27.78,23.55,32.01,215.747344110854,1637777.56,531
"Ivory_Coast",2014-09-01,26.5404071246819,21.6797858099063,29.03,215.747344110854,1637777.56,531
"Ivory_Coast",2014-08-01,25.62,22.52,28.71,215.747344110854,1637777.56,531
"Ivory_Coast",2015-09-01,26.5404071246819,21.6797858099063,28.1,215.747344110854,1796000,519.4
"Ivory_Coast",2015-10-01,26.5404071246819,21.6797858099063,29.91,215.747344110854,1796000,519.4
"Ivory_Coast",2015-08-01,26.5404071246819,21.6797858099063,27.18,215.747344110854,1796000,519.4
"Ivory_Coast",2015-11-01,26.5404071246819,21.6797858099063,30.3,215.747344110854,1796000,519.4
"Ivory_Coast",2015-04-01,26.5404071246819,21.6797858099063,31.72,215.747344110854,1796000,519.4
"Ivory_Coast",2015-12-01,26.5404071246819,21.6797858099063,31.63,215.747344110854,1796000,519.4
"Ivory_Coast",2015-01-01,26.5404071246819,21.6797858099063,31.67,215.747344110854,1796000,519.4
"Ivory_Coast",2015-06-01,26.5404071246819,21.6797858099063,28.14,376.9,1796000,519.4
"Ivory_Coast",2015-05-01,26.5404071246819,21.6797858099063,30.75,213.1,1796000,519.4
"Ivory_Coast",2016-09-01,26.5404071246819,21.6797858099063,27.72,215.747344110854,1634000,515.7
"Ivory_Coast",2016-02-01,26.5404071246819,21.6797858099063,32.04,215.747344110854,1634000,515.7
"Ivory_Coast",2016-04-01,26.5404071246819,21.6797858099063,32.18,215.747344110854,1634000,515.7
"Ivory_Coast",2016-01-01,26.5404071246819,21.6797858099063,31.53,215.747344110854,1634000,515.7
"Ivory_Coast",2016-10-01,26.5404071246819,21.6797858099063,29.62,215.747344110854,1634000,515.7
"Ivory_Coast",2016-05-01,26.5404071246819,21.6797858099063,30.07,215.747344110854,1634000,515.7
"Ivory_Coast",2017-01-01,26.5404071246819,21.6797858099063,31.65,215.747344110854,2034000,510.7
"Ivory_Coast",2017-05-01,26.5404071246819,21.6797858099063,31.01,215.747344110854,2034000,510.7
"Ivory_Coast",2017-11-01,26.5404071246819,21.6797858099063,31.403045325779,220.9,2034000,510.7
"Ivory_Coast",2017-02-01,26.5404071246819,21.6797858099063,31.42,215.747344110854,2034000,510.7
"Ivory_Coast",2018-01-01,27.41,23.75,31.07,215.747344110854,2113189,518.9
"Ivory_Coast",2018-07-01,25.7,23.29,28.1,215.747344110854,2113189,518.9
"Ivory_Coast",2018-04-01,27.59,24.17,31,215.747344110854,2113189,518.9
"Ivory_Coast",2018-08-01,25.31,22.62,28,215.747344110854,2113189,518.9
"Ivory_Coast",2018-03-01,26.5404071246819,24.31,31.403045325779,215.747344110854,2113189,518.9
"Ivory_Coast",2018-06-01,26.5404071246819,21.6797858099063,31.403045325779,418,2113189,518.9
"Ivory_Coast",2018-05-01,26.5404071246819,21.6797858099063,29.79,215.747344110854,2113189,518.9
"Ivory_Coast",2019-12-01,26.5404071246819,23.8,31.403045325779,215.747344110854,2235043,518.7
"Ivory_Coast",2019-01-01,26.5404071246819,24.52,31.403045325779,215.747344110854,2235043,518.7
"Ivory_Coast",2019-08-01,26.5404071246819,23.09,31.403045325779,215.747344110854,2235043,518.7
"Ivory_Coast",2019-11-01,26.5404071246819,23.6,31.403045325779,215.747344110854,2235043,518.7
"Ivory_Coast",2019-10-01,26.5404071246819,23.64,31.403045325779,215.747344110854,2235043,518.7
"Ivory_Coast",2019-07-01,26.5404071246819,23.21,31.403045325779,215.747344110854,2235043,518.7
"Ivory_Coast",2019-09-01,26.5404071246819,23.47,31.403045325779,215.747344110854,2235043,518.7
"Ivory_Coast",2020-02-01,26.5404071246819,24.99,31.403045325779,215.747344110854,2200000,510.5
"Ivory_Coast",2020-12-01,26.5404071246819,24.08,31.403045325779,215.747344110854,2200000,510.5
"Ivory_Coast",2020-04-01,26.5404071246819,24.59,31.403045325779,215.747344110854,2200000,510.5
"Ivory_Coast",2020-11-01,26.5404071246819,23.98,31.403045325779,215.747344110854,2200000,510.5
"Ivory_Coast",2020-08-01,26.5404071246819,22.59,31.403045325779,215.747344110854,2200000,510.5
"Ivory_Coast",2020-01-01,26.5404071246819,23.93,31.403045325779,215.747344110854,2200000,510.5
"Ivory_Coast",2020-09-01,26.5404071246819,21.6797858099063,31.403045325779,91.5,2200000,510.5
"Ivory_Coast",2020-03-01,26.5404071246819,24.97,31.403045325779,215.747344110854,2200000,510.5
"Ivory_Coast",2020-07-01,26.5404071246819,23.1,31.403045325779,215.747344110854,2200000,510.5
"Ivory_Coast",2021-08-01,26.5404071246819,23.18,31.403045325779,215.747344110854,2228459,504.6
"Ivory_Coast",2021-04-01,26.5404071246819,24.6,31.403045325779,215.747344110854,2228459,504.6
"Ivory_Coast",2021-06-01,26.5404071246819,21.6797858099063,31.403045325779,429.3,2228459,504.6
"Ivory_Coast",2021-10-01,26.5404071246819,24.5,31.403045325779,215.747344110854,2228459,504.6
"Ivory_Coast",2021-03-01,26.5404071246819,24.33,31.403045325779,215.747344110854,2228459,504.6
"Ivory_Coast",2021-07-01,26.5404071246819,23.75,31.403045325779,215.747344110854,2228459,504.6
"Ivory_Coast",2021-05-01,26.5404071246819,24.63,31.403045325779,215.747344110854,2228459,504.6
"Ivory_Coast",2021-12-01,26.5404071246819,21.6797858099063,31.66,215.747344110854,2228459,504.6
"Ivory_Coast",2021-09-01,26.5404071246819,23.27,31.403045325779,215.747344110854,2228459,504.6
"Ivory_Coast",2022-03-01,26.5404071246819,24.55,31.403045325779,215.747344110854,2358991,500.2
"Ivory_Coast",2022-12-01,27.17,23.45,30.9,215.747344110854,2358991,500.2
"Ivory_Coast",2022-02-01,26.5404071246819,24.73,31.403045325779,215.747344110854,2358991,500.2
"Ivory_Coast",2022-11-01,26.67,23.22,30.13,215.747344110854,2358991,500.2
"Ivory_Coast",2023-03-01,26.5404071246819,23.97,31.403045325779,215.747344110854,2377442.05,496.2
"Ivory_Coast",2023-02-01,26.5404071246819,24.74,31.403045325779,215.747344110854,2377442.05,496.2
"Ivory_Coast",2023-01-01,26.5404071246819,23.87,31.403045325779,215.747344110854,2377442.05,496.2
"Ivory_Coast",2023-10-01,27.02,24.45,29.6,215.747344110854,2377442.05,496.2
"Ivory_Coast",2023-07-01,26.5404071246819,23.95,31.403045325779,215.747344110854,2377442.05,496.2
"Ivory_Coast",2023-08-01,25.72,23.67,27.77,215.747344110854,2377442.05,496.2
"Ivory_Coast",2023-09-01,26.5404071246819,23.79,31.403045325779,215.747344110854,2377442.05,496.2
"Ivory_Coast",2023-05-01,26.5404071246819,24.57,31.403045325779,215.747344110854,2377442.05,496.2
"Ivory_Coast",2023-06-01,26.5404071246819,23.96,31.403045325779,568.9,2377442.05,496.2
"Ivory_Coast",2024-01-01,26.5404071246819,21.6797858099063,31.85,215.747344110854,381425.612203245,536.695046968403
"Ivory_Coast",2024-04-01,26.5404071246819,21.6797858099063,32.65,215.747344110854,381425.612203245,536.695046968403
"Ivory_Coast",2024-12-01,28.21,23.85,32.58,215.747344110854,381425.612203245,536.695046968403
"Ivory_Coast",2024-09-01,26.5404071246819,21.6797858099063,28.45,215.747344110854,381425.612203245,536.695046968403
"Ivory_Coast",2024-10-01,26.5404071246819,21.6797858099063,28.91,83.1,381425.612203245,536.695046968403
"Ivory_Coast",2024-08-01,25.03,22.97,27.09,215.747344110854,381425.612203245,536.695046968403
"Peru",1963-07-01,26.5404071246819,17.82,31.403045325779,215.747344110854,2670,480.2
"Peru",1963-10-01,26.5404071246819,19.18,31.403045325779,215.747344110854,2670,480.2
"Peru",1963-03-01,26.5404071246819,21.18,31.403045325779,215.747344110854,2670,480.2
"Peru",1963-11-01,26.5404071246819,19.69,31.403045325779,215.747344110854,2670,480.2
"Peru",1963-12-01,26.5404071246819,19.41,31.403045325779,215.747344110854,2670,480.2
"Peru",1964-04-01,26.5404071246819,20.23,31.403045325779,215.747344110854,2674,561.8
"Peru",1964-02-01,26.5404071246819,19.89,31.403045325779,215.747344110854,2674,561.8
"Peru",1964-01-01,26.5404071246819,19.49,31.403045325779,215.747344110854,2674,561.8
"Peru",1964-09-01,26.5404071246819,18.72,31.403045325779,215.747344110854,2674,561.8
"Peru",1964-07-01,26.5404071246819,16.88,31.403045325779,215.747344110854,2674,561.8
"Peru",1964-08-01,26.5404071246819,17.96,31.403045325779,215.747344110854,2674,561.8
"Peru",1965-04-01,26.5404071246819,18.96,31.403045325779,215.747344110854,1836,384.9
"Peru",1965-07-01,26.5404071246819,17.82,31.403045325779,215.747344110854,1836,384.9
"Peru",1965-09-01,26.5404071246819,18.25,31.403045325779,215.747344110854,1836,384.9
"Peru",1965-05-01,26.5404071246819,18.95,31.403045325779,215.747344110854,1836,384.9
"Peru",1965-06-01,26.5404071246819,18.81,31.403045325779,215.747344110854,1836,384.9
"Peru",1965-10-01,26.5404071246819,18.62,31.403045325779,215.747344110854,1836,384.9
"Peru",1965-11-01,26.5404071246819,19.43,31.403045325779,215.747344110854,1836,384.9
"Peru",1966-05-01,26.5404071246819,19.23,31.403045325779,215.747344110854,2149,488.5
"Peru",1966-08-01,26.5404071246819,17.48,31.403045325779,215.747344110854,2149,488.5
"Peru",1966-04-01,26.5404071246819,19.29,31.403045325779,215.747344110854,2149,488.5
"Peru",1966-11-01,26.5404071246819,19.59,31.403045325779,215.747344110854,2149,488.5
"Peru",1967-12-01,26.5404071246819,19.87,31.403045325779,215.747344110854,2301,523
"Peru",1968-05-01,26.5404071246819,17.56,31.403045325779,215.747344110854,1795,489.5
"Peru",1968-01-01,26.5404071246819,18.88,31.403045325779,215.747344110854,1795,489.5
"Peru",1968-03-01,26.5404071246819,19.62,31.403045325779,215.747344110854,1795,489.5
"Peru",1968-07-01,26.5404071246819,17.4,31.403045325779,215.747344110854,1795,489.5
"Peru",1973-12-01,26.5404071246819,21.6797858099063,31.403045325779,79.1,2406,511.4
"Peru",1973-02-01,26.5404071246819,20.69,31.403045325779,158.9,2406,511.4
"Peru",1973-01-01,26.5404071246819,20.32,31.403045325779,151.2,2406,511.4
"Peru",1973-05-01,26.5404071246819,19.39,31.403045325779,45.1,2406,511.4
"Peru",1973-06-01,26.5404071246819,19.39,31.403045325779,90,2406,511.4
"Peru",1973-03-01,26.5404071246819,20.55,31.403045325779,144.6,2406,511.4
"Peru",1973-04-01,26.5404071246819,20.47,31.403045325779,144,2406,511.4
"Peru",1974-01-01,26.5404071246819,21.6797858099063,31.403045325779,148.3,2545,510.6
"Peru",1974-10-01,26.5404071246819,21.6797858099063,31.403045325779,59.6,2545,510.6
"Peru",1975-12-01,26.5404071246819,19.83,31.403045325779,215.747344110854,2658,509.1
"Peru",1975-09-01,26.5404071246819,18.88,31.403045325779,215.747344110854,2658,509.1
"Peru",1975-10-01,26.5404071246819,18.93,31.403045325779,215.747344110854,2658,509.1
"Peru",1976-07-01,26.5404071246819,17.15,31.403045325779,215.747344110854,2607,505.2
"Peru",1976-08-01,26.5404071246819,19,31.403045325779,215.747344110854,2607,505.2
"Peru",1976-10-01,26.5404071246819,19.93,31.403045325779,82,2607,505.2
"Peru",1976-02-01,26.5404071246819,19.71,31.403045325779,215.747344110854,2607,505.2
"Peru",1976-12-01,26.5404071246819,20.72,31.403045325779,130.8,2607,505.2
"Peru",1976-09-01,26.5404071246819,18.75,31.403045325779,215.747344110854,2607,505.2
"Peru",1976-04-01,26.5404071246819,19.59,31.403045325779,215.747344110854,2607,505.2
"Peru",1976-01-01,26.5404071246819,19.93,31.403045325779,215.747344110854,2607,505.2
"Peru",1976-03-01,26.5404071246819,20.21,31.403045325779,215.747344110854,2607,505.2
"Peru",1976-05-01,26.5404071246819,19.5,31.403045325779,215.747344110854,2607,505.2
"Peru",1976-11-01,26.5404071246819,20.71,31.403045325779,107.1,2607,505.2
"Peru",1977-09-01,26.5404071246819,20.07,31.403045325779,78.3,3998,512.2
"Peru",1977-05-01,26.5404071246819,19.62,31.403045325779,19,3998,512.2
"Peru",1977-01-01,26.5404071246819,20.72,31.403045325779,0.5,3998,512.2
"Peru",1977-04-01,26.5404071246819,20.52,31.403045325779,122.3,3998,512.2
"Peru",1977-11-01,26.5404071246819,20.96,31.403045325779,180.8,3998,512.2
"Peru",1977-10-01,26.5404071246819,20.32,31.403045325779,158,3998,512.2
"Peru",1977-12-01,26.88,20.29,33.48,38.9,3998,512.2
"Peru",1977-02-01,26.5404071246819,21.04,31.403045325779,144.9,3998,512.2
"Peru",1977-03-01,26.5404071246819,20.59,31.403045325779,406.7,3998,512.2
"Peru",1977-07-01,26.5404071246819,18.67,31.403045325779,27.1,3998,512.2
"Peru",1977-08-01,26.5404071246819,19.07,31.403045325779,88.1,3998,512.2
"Peru",1977-06-01,26.5404071246819,18.9,31.403045325779,377.9,3998,512.2
"Peru",1978-11-01,26.5404071246819,20.55,31.403045325779,91.8,4039,495.8
"Peru",1978-05-01,26.5404071246819,20.14,31.403045325779,109.3,4039,495.8
"Peru",1978-04-01,26.5404071246819,20.54,31.403045325779,81.7,4039,495.8
"Peru",1978-09-01,26.5404071246819,19.55,31.403045325779,115.9,4039,495.8
"Peru",1978-07-01,25.7,19.46,31.93,64.8,4039,495.8
"Peru",1978-06-01,26.5404071246819,18.84,31.403045325779,52.9,4039,495.8
"Peru",1978-02-01,26.5404071246819,20.58,31.403045325779,23.1,4039,495.8
"Peru",1978-10-01,26.5404071246819,20.3,31.403045325779,88,4039,495.8
"Peru",1978-03-01,26.5404071246819,20.83,31.403045325779,102,4039,495.8
"Peru",1978-01-01,26.5404071246819,20.74,31.403045325779,84.6,4039,495.8
"Peru",1978-12-01,26.5404071246819,20.85,31.403045325779,16,4039,495.8
"Peru",1978-08-01,26.5404071246819,17.74,31.403045325779,20.9,4039,495.8
"Peru",1979-07-01,26.5404071246819,18.59,31.403045325779,40.9,4262,499.5
"Peru",1979-05-01,26.5404071246819,20.57,31.403045325779,54.3,4262,499.5
"Peru",1979-12-01,26.5404071246819,20.9,31.403045325779,63.5,4262,499.5
"Peru",1979-01-01,26.5404071246819,21.07,31.403045325779,78.5,4262,499.5
"Peru",1979-08-01,26.5404071246819,19.54,31.403045325779,34,4262,499.5
"Peru",1979-03-01,26.5404071246819,20.75,31.403045325779,127.9,4262,499.5
"Peru",1979-02-01,26.5404071246819,21.04,31.403045325779,67.3,4262,499.5
"Peru",1979-10-01,26.5404071246819,20.48,31.403045325779,91.5,4262,499.5
"Peru",1979-09-01,26.5404071246819,21.6797858099063,31.403045325779,90.8,4262,499.5
"Peru",1979-04-01,26.5404071246819,20.97,31.403045325779,72.4,4262,499.5
"Peru",1979-11-01,26.5404071246819,21,31.403045325779,86.1,4262,499.5
"Peru",1980-03-01,26.5404071246819,21.6797858099063,31.403045325779,170.1,4420,512.9
"Peru",1980-07-01,26.5404071246819,19.55,31.403045325779,35.8,4420,512.9
"Peru",1980-04-01,26.5404071246819,20.81,31.403045325779,35,4420,512.9
"Peru",1980-09-01,26.5404071246819,19.44,31.403045325779,39.9,4420,512.9
"Peru",1980-12-01,26.5404071246819,21.26,31.403045325779,45.5,4420,512.9
"Peru",1980-05-01,26.5404071246819,20.37,31.403045325779,105.2,4420,512.9
"Peru",1980-11-01,26.5404071246819,21.1,31.403045325779,12.9,4420,512.9
"Peru",1980-06-01,26.5404071246819,19.79,31.403045325779,111,4420,512.9
"Peru",1980-02-01,26.5404071246819,21.48,31.403045325779,20,4420,512.9
"Peru",1980-01-01,26.5404071246819,21.55,31.403045325779,76.2,4420,512.9
"Peru",1980-10-01,26.5404071246819,20.72,31.403045325779,87.8,4420,512.9
"Peru",1980-08-01,26.5404071246819,19.22,31.403045325779,128.5,4420,512.9
"Peru",1981-08-01,26.5404071246819,19.79,31.403045325779,30.1,5312,528.8
"Peru",1981-09-01,26.5404071246819,21.6797858099063,31.403045325779,64.8,5312,528.8
"Peru",1981-04-01,26.5404071246819,21.44,31.403045325779,104.2,5312,528.8
"Peru",1981-12-01,26.5404071246819,21.97,31.403045325779,84.9,5312,528.8
"Peru",1981-01-01,26.5404071246819,21.6797858099063,31.403045325779,103.4,5312,528.8
"Peru",1981-06-01,26.5404071246819,20.46,31.403045325779,55,5312,528.8
"Peru",1981-07-01,26.5404071246819,19.26,31.403045325779,44.9,5312,528.8
"Peru",1981-05-01,26.5404071246819,20.97,31.403045325779,31.4,5312,528.8
"Peru",1981-11-01,26.5404071246819,21.93,31.403045325779,18,5312,528.8
"Peru",1981-10-01,26.5404071246819,20.97,31.403045325779,96.2,5312,528.8
"Peru",1982-01-01,26.5404071246819,21.78,31.403045325779,215.747344110854,6045,575.3
"Peru",1982-02-01,26.5404071246819,21.89,31.403045325779,215.747344110854,6045,575.3
"Peru",1982-04-01,26.5404071246819,21.97,31.403045325779,215.747344110854,6045,575.3
"Peru",1982-11-01,26.5404071246819,22.15,31.403045325779,215.747344110854,6045,575.3
"Peru",1982-09-01,26.5404071246819,21.06,31.403045325779,215.747344110854,6045,575.3
"Peru",1987-01-01,26.5404071246819,21.79,31.403045325779,215.747344110854,14080,476.6
"Peru",1987-09-01,26.5404071246819,21.1,31.403045325779,215.747344110854,14080,476.6
"Peru",1988-03-01,26.5404071246819,22.3,31.403045325779,72.9,16658,513.3
"Peru",1988-05-01,26.5404071246819,21.6797858099063,31.403045325779,66.3,16658,513.3
"Peru",1988-09-01,26.5404071246819,21.6797858099063,31.403045325779,43.2,16658,513.3
"Peru",1988-08-01,26.5404071246819,21.6797858099063,31.403045325779,2,16658,513.3
"Peru",1988-04-01,26.5404071246819,21.6797858099063,31.403045325779,104.1,16658,513.3
"Peru",1989-04-01,26.5404071246819,21.23,31.403045325779,127.2,17813,542.2
"Peru",1989-02-01,26.5404071246819,21.6797858099063,31.403045325779,128.3,17813,542.2
"Peru",1989-07-01,26.5404071246819,21.6797858099063,31.403045325779,10.2,17813,542.2
"Peru",1989-08-01,26.5404071246819,21.6797858099063,31.403045325779,37,17813,542.2
"Peru",1989-03-01,26.5404071246819,21.6797858099063,31.403045325779,169.9,17813,542.2
"Peru",1989-05-01,26.5404071246819,21.6797858099063,31.403045325779,98,17813,542.2
"Peru",1989-06-01,26.5404071246819,21.6797858099063,31.403045325779,65.6,17813,542.2
"Peru",1990-05-01,26.5404071246819,21.6797858099063,31.403045325779,21.8,14796,477.1
"Peru",1991-07-01,26.5404071246819,21.6797858099063,31.403045325779,10.2,15473,537
"Peru",1991-08-01,26.5404071246819,21.6797858099063,31.403045325779,25.1,15473,537
"Peru",1991-09-01,26.5404071246819,21.6797858099063,31.403045325779,58.9,15473,537
"Peru",1992-01-01,26.5404071246819,21.6797858099063,31.403045325779,24.2,15000,535.7
"Peru",1994-12-01,26.5404071246819,22.02,31.403045325779,195.5,13446,568.4
"Peru",1994-10-01,26.5404071246819,21.6797858099063,31.403045325779,70.9,13446,568.4
"Peru",1994-11-01,26.5404071246819,21.6797858099063,31.403045325779,88.9,13446,568.4
"Peru",1994-09-01,26.5404071246819,21.6797858099063,31.403045325779,74.7,13446,568.4
"Peru",1995-11-01,26.5404071246819,22.12,31.403045325779,110,22704,625
"Peru",1995-07-01,26.5404071246819,21.22,31.403045325779,12.9,22704,625
"Peru",1995-08-01,26.5404071246819,21.65,31.403045325779,19,22704,625
"Peru",1995-04-01,26.5404071246819,22.15,31.403045325779,56.9,22704,625
"Peru",1995-12-01,26.5404071246819,22.07,31.403045325779,70.8,22704,625
"Peru",1995-10-01,26.5404071246819,22.18,31.403045325779,93.7,22704,625
"Peru",1995-09-01,26.5404071246819,21.51,31.403045325779,64,22704,625
"Peru",1995-06-01,26.5404071246819,21.71,31.403045325779,32,22704,625
"Peru",1995-05-01,26.5404071246819,21.6797858099063,31.403045325779,38.4,22704,625
"Peru",1996-09-01,26.5404071246819,20.72,31.403045325779,52,22867,710.2
"Peru",1996-01-01,26.5404071246819,22.14,31.403045325779,144.8,22867,710.2
"Peru",1996-07-01,26.5404071246819,19.29,31.403045325779,12.9,22867,710.2
"Peru",1996-05-01,26.5404071246819,21.83,31.403045325779,19.8,22867,710.2
"Peru",1996-03-01,26.5404071246819,22.06,31.403045325779,164.5,22867,710.2
"Peru",1996-06-01,26.5404071246819,20.91,31.403045325779,35.3,22867,710.2
"Peru",1996-12-01,26.5404071246819,21.7,31.403045325779,238.1,22867,710.2
"Peru",1996-11-01,26.5404071246819,22.01,31.403045325779,68.2,22867,710.2
"Peru",1996-10-01,26.5404071246819,21.97,31.403045325779,95.8,22867,710.2
"Peru",1996-08-01,26.5404071246819,20.19,31.403045325779,55.9,22867,710.2
"Peru",1996-02-01,26.5404071246819,21.8,31.403045325779,52.9,22867,710.2
"Peru",1996-04-01,26.5404071246819,21.7,31.403045325779,66.6,22867,710.2
"Peru",1997-10-01,26.5404071246819,22.25,31.403045325779,19.8,19504,609.5
"Peru",1997-07-01,26.5404071246819,21.02,31.403045325779,22.9,19504,609.5
"Peru",1997-06-01,27.98,21.65,34.32,0,19504,609.5
"Peru",1997-08-01,26.5404071246819,20.8,31.403045325779,72.9,19504,609.5
"Peru",1997-01-01,26.5404071246819,22.51,31.403045325779,12.2,19504,609.5
"Peru",1997-09-01,26.5404071246819,21.91,31.403045325779,106,19504,609.5
"Peru",1997-02-01,26.5404071246819,21.95,31.403045325779,194.6,19504,609.5
"Peru",1997-05-01,26.5404071246819,21.45,31.403045325779,114.8,19504,609.5
"Peru",1997-11-01,26.5404071246819,22.16,31.403045325779,133.1,19504,609.5
"Peru",1997-04-01,26.5404071246819,21.73,31.403045325779,44.3,19504,609.5
"Peru",1997-03-01,26.5404071246819,22.08,31.403045325779,86.1,19504,609.5
"Peru",1997-12-01,26.5404071246819,22.3,31.403045325779,90.2,19504,609.5
"Peru",1998-06-01,26.5404071246819,20.96,31.403045325779,95.3,22134,636.3
"Peru",1998-02-01,26.5404071246819,22.44,31.403045325779,103.1,22134,636.3
"Peru",1998-03-01,26.5404071246819,22.56,31.403045325779,105.1,22134,636.3
"Peru",1998-05-01,26.5404071246819,21.45,31.403045325779,86.7,22134,636.3
"Peru",1998-01-01,26.5404071246819,21.6797858099063,31.403045325779,59.9,22134,636.3
"Peru",1998-04-01,26.5404071246819,22.46,31.403045325779,135.9,22134,636.3
"Peru",2000-10-01,26.5404071246819,21.46,31.403045325779,215.747344110854,25049,606.7
"Peru",2001-10-01,26.5404071246819,21.17,31.403045325779,215.747344110854,23652,517.2
"Peru",2001-08-01,26.5404071246819,19.3,31.403045325779,215.747344110854,23652,517.2
"Peru",2001-01-01,26.5404071246819,21.34,31.403045325779,215.747344110854,23652,517.2
"Peru",2001-11-01,26.5404071246819,21.38,31.403045325779,215.747344110854,23652,517.2
"Peru",2001-02-01,26.5404071246819,21.02,31.403045325779,215.747344110854,23652,517.2
"Peru",2001-09-01,26.5404071246819,20.17,31.403045325779,215.747344110854,23652,517.2
"Peru",2002-12-01,26.5404071246819,21.6797858099063,31.403045325779,29.2,24219,517.3
"Peru",2002-02-01,26.5404071246819,21,31.403045325779,215.747344110854,24219,517.3
"Peru",2002-06-01,26.5404071246819,19.79,31.403045325779,215.747344110854,24219,517.3
"Peru",2003-09-01,26.5404071246819,19.47,31.403045325779,54.8,24214,486.4
"Peru",2003-04-01,26.5404071246819,21.6797858099063,31.403045325779,59.1,24214,486.4
"Peru",2003-08-01,26.5404071246819,19.38,31.403045325779,169.2,24214,486.4
"Peru",2003-10-01,26.5404071246819,20.8,31.403045325779,112.9,24214,486.4
"Peru",2003-11-01,26.5404071246819,21.14,31.403045325779,141,24214,486.4
"Peru",2003-12-01,26.5404071246819,21.55,31.403045325779,178.5,24214,486.4
"Peru",2003-07-01,26.5404071246819,18.84,31.403045325779,9.1,24214,486.4
"Peru",2004-02-01,26.5404071246819,21.6797858099063,31.403045325779,114.8,25921,509.5
"Peru",2004-04-01,26.5404071246819,21.6797858099063,31.403045325779,39.1,25921,509.5
"Peru",2005-06-01,26.5404071246819,20.51,31.403045325779,79.8,25257,502
"Peru",2005-07-01,26.5404071246819,18.4,31.403045325779,215.747344110854,25257,502
"Peru",2005-05-01,26.5404071246819,21.07,31.403045325779,6.1,25257,502
"Peru",2005-04-01,26.5404071246819,21.56,31.403045325779,147.1,25257,502
"Peru",2006-07-01,26.5404071246819,19.12,31.403045325779,215.747344110854,31676,558.3
"Peru",2006-09-01,26.5404071246819,20.2,31.403045325779,215.747344110854,31676,558.3
"Peru",2006-11-01,26.5404071246819,21.34,31.403045325779,215.747344110854,31676,558.3
"Peru",2006-10-01,26.5404071246819,21.33,31.403045325779,215.747344110854,31676,558.3
"Peru",2007-09-01,26.5404071246819,20.02,31.403045325779,215.747344110854,31387,524.6
"Peru",2007-07-01,26.5404071246819,19.49,31.403045325779,215.747344110854,31387,524.6
"Peru",2007-12-01,26.5404071246819,21.34,31.403045325779,215.747344110854,31387,524.6
"Peru",2007-08-01,26.5404071246819,19.53,31.403045325779,215.747344110854,31387,524.6
"Peru",2007-03-01,26.5404071246819,20.6,31.403045325779,215.747344110854,31387,524.6
"Peru",2008-02-01,26.5404071246819,21.39,31.403045325779,215.747344110854,34003,534.4
"Peru",2008-05-01,26.5404071246819,20.39,31.403045325779,215.747344110854,34003,534.4
"Peru",2008-03-01,26.5404071246819,21.27,31.403045325779,215.747344110854,34003,534.4
"Peru",2008-11-01,26.5404071246819,21.7,31.403045325779,215.747344110854,34003,534.4
"Peru",2008-06-01,26.5404071246819,20.22,31.403045325779,215.747344110854,34003,534.4
"Peru",2010-11-01,26.5404071246819,22.03,31.403045325779,215.747344110854,46613,603.9
"Peru",2012-09-01,26.5404071246819,20.64,31.403045325779,215.747344110854,62491.58,744
"Peru",2012-11-01,26.5404071246819,22.06,31.403045325779,215.747344110854,62491.58,744
"Peru",2012-07-01,26.5404071246819,19.44,31.403045325779,215.747344110854,62491.58,744
"Peru",2012-05-01,26.5404071246819,20.59,31.403045325779,215.747344110854,62491.58,744
"Peru",2012-08-01,26.5404071246819,20.25,31.403045325779,215.747344110854,62491.58,744
"Peru",2012-06-01,26.5404071246819,19.97,31.403045325779,215.747344110854,62491.58,744
"Peru",2012-12-01,26.5404071246819,22.27,31.403045325779,215.747344110854,62491.58,744
"Peru",2014-09-01,26.5404071246819,20.64,31.403045325779,215.747344110854,81651,765.7
"Peru",2014-07-01,26.5404071246819,19.99,31.403045325779,215.747344110854,81651,765.7
"Peru",2014-05-01,26.5404071246819,21.75,31.403045325779,215.747344110854,81651,765.7
"Peru",2014-10-01,26.5404071246819,21.11,31.403045325779,215.747344110854,81651,765.7
"Peru",2014-08-01,26.5404071246819,19.95,31.403045325779,215.747344110854,81651,765.7
"Peru",2014-12-01,26.5404071246819,22.32,31.403045325779,215.747344110854,81651,765.7
"Peru",2014-06-01,26.5404071246819,21.06,31.403045325779,215.747344110854,81651,765.7
"Peru",2014-11-01,26.5404071246819,22.42,31.403045325779,215.747344110854,81651,765.7
"Peru",2015-09-01,26.5404071246819,22.12,31.403045325779,215.747344110854,92592,769.2
"Peru",2015-10-01,26.5404071246819,22.55,31.403045325779,215.747344110854,92592,769.2
"Peru",2015-03-01,26.5404071246819,22.03,31.403045325779,215.747344110854,92592,769.2
"Peru",2015-07-01,26.5404071246819,21.29,31.403045325779,215.747344110854,92592,769.2
"Peru",2015-05-01,26.5404071246819,21.95,31.403045325779,215.747344110854,92592,769.2
"Peru",2015-06-01,26.5404071246819,21.1,31.403045325779,215.747344110854,92592,769.2
"Peru",2015-08-01,26.5404071246819,21.53,31.403045325779,215.747344110854,92592,769.2
"Peru",2015-04-01,26.5404071246819,21.73,31.403045325779,215.747344110854,92592,769.2
"Peru",2016-06-01,26.5404071246819,20.84,31.403045325779,215.747344110854,107921.51,859.4
"Peru",2016-07-01,26.5404071246819,20.55,31.403045325779,215.747344110854,107921.51,859.4
"Peru",2016-01-01,26.5404071246819,23.51,31.403045325779,215.747344110854,107921.51,859.4
"Peru",2016-11-01,26.5404071246819,22.59,31.403045325779,215.747344110854,107921.51,859.4
"Peru",2016-05-01,26.5404071246819,22.02,31.403045325779,215.747344110854,107921.51,859.4
"Peru",2016-12-01,26.5404071246819,22.13,31.403045325779,215.747344110854,107921.51,859.4
"Peru",2016-04-01,26.5404071246819,22.41,31.403045325779,215.747344110854,107921.51,859.4
"Peru",2017-02-01,26.5404071246819,21.95,31.403045325779,215.747344110854,121814,827
"Peru",2017-08-01,26.5404071246819,20.13,31.403045325779,215.747344110854,121814,827
"Peru",2017-04-01,26.5404071246819,21.46,31.403045325779,215.747344110854,121814,827
"Peru",2017-05-01,26.5404071246819,21.54,31.403045325779,215.747344110854,121814,827
"Peru",2017-10-01,26.5404071246819,21.48,31.403045325779,215.747344110854,121814,827
"Peru",2017-03-01,26.5404071246819,21.61,31.403045325779,215.747344110854,121814,827
"Peru",2017-09-01,26.5404071246819,21.27,31.403045325779,215.747344110854,121814,827
"Peru",2017-12-01,26.5404071246819,22.15,31.403045325779,215.747344110854,121814,827
"Peru",2017-11-01,26.5404071246819,22.13,31.403045325779,215.747344110854,121814,827
"Peru",2017-01-01,26.5404071246819,21.95,31.403045325779,215.747344110854,121814,827
"Peru",2017-07-01,26.5404071246819,18.84,31.403045325779,215.747344110854,121814,827
"Peru",2018-02-01,26.5404071246819,21.77,31.403045325779,215.747344110854,134675.74,839.5
"Peru",2018-07-01,26.5404071246819,19.71,31.403045325779,215.747344110854,134675.74,839.5
"Peru",2018-01-01,26.5404071246819,21.62,31.403045325779,215.747344110854,134675.74,839.5
"Peru",2018-04-01,26.5404071246819,21.41,31.403045325779,215.747344110854,134675.74,839.5
"Peru",2018-08-01,26.5404071246819,20.24,31.403045325779,215.747344110854,134675.74,839.5
"Peru",2018-06-01,26.5404071246819,20.06,31.403045325779,215.747344110854,134675.74,839.5
"Peru",2018-03-01,26.5404071246819,22.02,31.403045325779,215.747344110854,134675.74,839.5
"Peru",2018-12-01,26.5404071246819,22.21,31.403045325779,215.747344110854,134675.74,839.5
"Peru",2018-10-01,26.5404071246819,22.43,31.403045325779,215.747344110854,134675.74,839.5
"Peru",2018-11-01,26.5404071246819,22.9,31.403045325779,215.747344110854,134675.74,839.5
"Peru",2019-09-01,26.5404071246819,21.09,31.403045325779,215.747344110854,141775.25,833.9
"Peru",2019-08-01,26.5404071246819,19.11,31.403045325779,215.747344110854,141775.25,833.9
"Peru",2019-01-01,26.5404071246819,21.99,31.403045325779,215.747344110854,141775.25,833.9
"Peru",2019-10-01,26.5404071246819,21.8,31.403045325779,215.747344110854,141775.25,833.9
"Peru",2019-12-01,26.5404071246819,22.55,31.403045325779,215.747344110854,141775.25,833.9
"Peru",2019-11-01,26.5404071246819,22.23,31.403045325779,215.747344110854,141775.25,833.9
"Peru",2019-05-01,26.5404071246819,21.78,31.403045325779,215.747344110854,141775.25,833.9
"Peru",2019-06-01,26.5404071246819,21.1,31.403045325779,215.747344110854,141775.25,833.9
"Peru",2019-02-01,26.5404071246819,22.29,31.403045325779,215.747344110854,141775.25,833.9
"Peru",2019-03-01,26.5404071246819,22.33,31.403045325779,215.747344110854,141775.25,833.9
"Peru",2020-05-01,26.5404071246819,21.47,31.403045325779,215.747344110854,158943.58,894.6
"Peru",2020-08-01,26.5404071246819,20.25,31.403045325779,215.747344110854,158943.58,894.6
"Peru",2020-10-01,26.5404071246819,21.26,31.403045325779,215.747344110854,158943.58,894.6
"Peru",2020-07-01,26.5404071246819,20.53,31.403045325779,215.747344110854,158943.58,894.6
"Peru",2020-04-01,26.5404071246819,21.84,31.403045325779,215.747344110854,158943.58,894.6
"Peru",2020-03-01,26.5404071246819,22.73,31.403045325779,215.747344110854,158943.58,894.6
"Peru",2021-09-01,26.5404071246819,20.95,31.403045325779,215.747344110854,160521.54,877.2
"Peru",2021-11-01,26.5404071246819,22,31.403045325779,215.747344110854,160521.54,877.2
"Peru",2021-12-01,26.5404071246819,22.36,31.403045325779,215.747344110854,160521.54,877.2
"Peru",2021-10-01,26.5404071246819,22.33,31.403045325779,215.747344110854,160521.54,877.2
"Peru",2022-02-01,26.5404071246819,21.99,31.403045325779,215.747344110854,172058.33,902.3
"Peru",2022-01-01,26.5404071246819,21.92,31.403045325779,215.747344110854,172058.33,902.3
"Peru",2022-06-01,26.5404071246819,19.6,31.403045325779,215.747344110854,172058.33,902.3
"Peru",2022-08-01,26.5404071246819,19.38,31.403045325779,215.747344110854,172058.33,902.3
"Peru",2022-03-01,26.5404071246819,22.05,31.403045325779,215.747344110854,172058.33,902.3
"Peru",2022-04-01,26.5404071246819,21.93,31.403045325779,215.747344110854,172058.33,902.3
"Peru",2022-12-01,26.5404071246819,21.21,31.403045325779,215.747344110854,172058.33,902.3
"Peru",2022-10-01,26.5404071246819,21.78,31.403045325779,215.747344110854,172058.33,902.3
"Peru",2023-11-01,26.5404071246819,22.92,31.403045325779,215.747344110854,166708.8,841.2
"Peru",2023-06-01,26.5404071246819,20.9,31.403045325779,215.747344110854,166708.8,841.2
"Peru",2023-05-01,26.5404071246819,22.39,31.403045325779,215.747344110854,166708.8,841.2
"Peru",2023-10-01,26.5404071246819,22.6,31.403045325779,215.747344110854,166708.8,841.2
"Peru",2023-04-01,26.5404071246819,21.72,31.403045325779,215.747344110854,166708.8,841.2
"Peru",2023-02-01,26.5404071246819,21.88,31.403045325779,215.747344110854,166708.8,841.2
"Peru",2023-08-01,26.5404071246819,20.86,31.403045325779,215.747344110854,166708.8,841.2
"Peru",2024-04-01,26.5404071246819,22.63,31.403045325779,215.747344110854,381425.612203245,536.695046968403
"Peru",2024-05-01,26.5404071246819,22.1,31.403045325779,215.747344110854,381425.612203245,536.695046968403
"Peru",2024-06-01,26.5404071246819,20.51,31.403045325779,215.747344110854,381425.612203245,536.695046968403
"Peru",2024-07-01,26.5404071246819,19.88,31.403045325779,215.747344110854,381425.612203245,536.695046968403
"Peru",2024-10-01,26.5404071246819,22.65,31.403045325779,215.747344110854,381425.612203245,536.695046968403
"Peru",2024-12-01,26.5404071246819,22.69,31.403045325779,215.747344110854,381425.612203245,536.695046968403
"Peru",2024-09-01,26.5404071246819,21.28,31.403045325779,215.747344110854,381425.612203245,536.695046968403
"Peru",2024-08-01,26.5404071246819,20.22,31.403045325779,215.747344110854,381425.612203245,536.695046968403
